2025-06-03 19:08:20,572 - INFO - Market: NEUTRAL | BTC: 105169.50
EMA10: 105307.60 | EMA20: 105279.05
RSI: 45.7 | ADX: 16.5
Volume: Strong
2025-06-03 19:09:25,865 - INFO - Market: NEUTRAL | BTC: 105171.40
EMA10: 105307.95 | EMA20: 105279.23
RSI: 45.8 | ADX: 16.7
Volume: Strong
2025-06-03 19:10:31,697 - INFO - Market: NEUTRAL | BTC: 105212.40
EMA10: 105315.40 | EMA20: 105283.14
RSI: 47.2 | ADX: 16.7
Volume: Strong
2025-06-03 19:11:37,286 - INFO - Market: NEUTRAL | BTC: 105237.90
EMA10: 105320.04 | EMA20: 105285.57
RSI: 48.2 | ADX: 16.7
Volume: Strong
2025-06-03 19:12:42,636 - INFO - Market: NEUTRAL | BTC: 105266.20
EMA10: 105325.19 | EMA20: 105288.26
RSI: 49.3 | ADX: 16.7
Volume: Strong
2025-06-03 19:13:48,375 - INFO - Market: NEUTRAL | BTC: 105140.90
EMA10: 105302.40 | EMA20: 105276.33
RSI: 44.7 | ADX: 16.7
Volume: Strong
2025-06-03 19:14:59,318 - INFO - Market: NEUTRAL | BTC: 105151.50
EMA10: 105304.33 | EMA20: 105277.34
RSI: 45.1 | ADX: 16.7
Volume: Strong
2025-06-03 19:16:12,254 - INFO - Market: NEUTRAL | BTC: 105233.10
EMA10: 105292.17 | EMA20: 105273.58
RSI: 48.5 | ADX: 17.6
Volume: Weak
2025-06-03 19:17:27,008 - INFO - Market: NEUTRAL | BTC: 105312.00
EMA10: 105306.51 | EMA20: 105281.09
RSI: 51.4 | ADX: 17.6
Volume: Weak
2025-06-03 19:18:34,587 - INFO - Market: NEUTRAL | BTC: 105390.00
EMA10: 105320.70 | EMA20: 105288.52
RSI: 54.0 | ADX: 17.6
Volume: Weak
2025-06-03 19:19:41,425 - INFO - Market: NEUTRAL | BTC: 105530.70
EMA10: 105346.28 | EMA20: 105301.92
RSI: 58.1 | ADX: 17.2
Volume: Weak
2025-06-03 19:20:48,137 - INFO - Market: NEUTRAL | BTC: 105671.50
EMA10: 105371.88 | EMA20: 105315.33
RSI: 61.5 | ADX: 16.3
Volume: Weak
2025-06-03 19:21:54,849 - INFO - Market: NEUTRAL | BTC: 105650.00
EMA10: 105367.97 | EMA20: 105313.28
RSI: 61.0 | ADX: 15.9
Volume: Strong
2025-06-03 19:23:01,788 - INFO - Market: NEUTRAL | BTC: 105724.30
EMA10: 105381.48 | EMA20: 105320.36
RSI: 62.6 | ADX: 15.9
Volume: Strong
2025-06-03 19:24:10,136 - INFO - Market: NEUTRAL | BTC: 105693.90
EMA10: 105375.95 | EMA20: 105317.46
RSI: 62.0 | ADX: 15.9
Volume: Strong
2025-06-03 19:25:18,039 - INFO - Market: NEUTRAL | BTC: 105690.90
EMA10: 105375.41 | EMA20: 105317.18
RSI: 61.9 | ADX: 15.9
Volume: Strong
2025-06-03 19:26:24,661 - INFO - Market: NEUTRAL | BTC: 105676.30
EMA10: 105372.75 | EMA20: 105315.79
RSI: 61.6 | ADX: 15.9
Volume: Strong
2025-06-03 19:27:33,283 - INFO - Market: NEUTRAL | BTC: 105745.00
EMA10: 105385.24 | EMA20: 105322.33
RSI: 63.0 | ADX: 15.8
Volume: Strong
2025-06-03 19:28:43,726 - INFO - Market: NEUTRAL | BTC: 105731.10
EMA10: 105382.71 | EMA20: 105321.01
RSI: 62.8 | ADX: 15.8
Volume: Strong
2025-06-03 19:29:52,711 - INFO - Market: NEUTRAL | BTC: 105722.50
EMA10: 105381.15 | EMA20: 105320.19
RSI: 62.6 | ADX: 15.8
Volume: Strong
2025-06-03 19:31:01,724 - INFO - Market: NEUTRAL | BTC: 105860.90
EMA10: 105470.91 | EMA20: 105373.15
RSI: 65.4 | ADX: 15.1
Volume: Weak
2025-06-03 19:32:09,924 - INFO - Market: NEUTRAL | BTC: 105838.40
EMA10: 105466.82 | EMA20: 105371.01
RSI: 65.0 | ADX: 15.2
Volume: Weak
2025-06-03 19:33:18,383 - INFO - Market: NEUTRAL | BTC: 105838.40
EMA10: 105466.82 | EMA20: 105371.01
RSI: 65.0 | ADX: 15.2
Volume: Weak
2025-06-03 19:34:27,471 - INFO - Market: NEUTRAL | BTC: 105867.40
EMA10: 105472.09 | EMA20: 105373.77
RSI: 65.6 | ADX: 15.2
Volume: Weak
2025-06-03 19:35:36,615 - INFO - Market: NEUTRAL | BTC: 105788.90
EMA10: 105457.82 | EMA20: 105366.29
RSI: 64.0 | ADX: 15.2
Volume: Strong
2025-06-03 19:36:44,563 - INFO - Market: NEUTRAL | BTC: 105824.50
EMA10: 105464.29 | EMA20: 105369.68
RSI: 64.7 | ADX: 15.2
Volume: Strong
2025-06-03 19:37:53,109 - INFO - Market: NEUTRAL | BTC: 105823.40
EMA10: 105464.09 | EMA20: 105369.58
RSI: 64.7 | ADX: 15.2
Volume: Strong
2025-06-03 19:39:01,039 - INFO - Market: NEUTRAL | BTC: 105828.90
EMA10: 105465.09 | EMA20: 105370.10
RSI: 64.8 | ADX: 15.2
Volume: Strong
2025-06-03 19:40:11,793 - INFO - Market: NEUTRAL | BTC: 105825.80
EMA10: 105464.53 | EMA20: 105369.81
RSI: 64.8 | ADX: 15.2
Volume: Strong
2025-06-03 19:41:20,426 - INFO - Market: NEUTRAL | BTC: 105968.70
EMA10: 105490.51 | EMA20: 105383.42
RSI: 67.4 | ADX: 15.6
Volume: Strong
2025-06-03 19:42:28,372 - INFO - Market: NEUTRAL | BTC: 106058.00
EMA10: 105506.74 | EMA20: 105391.92
RSI: 68.9 | ADX: 16.0
Volume: Strong
2025-06-03 19:43:36,064 - INFO - Market: NEUTRAL | BTC: 106018.20
EMA10: 105499.51 | EMA20: 105388.13
RSI: 68.2 | ADX: 16.0
Volume: Strong
2025-06-03 19:44:43,600 - INFO - Market: NEUTRAL | BTC: 106204.00
EMA10: 105533.29 | EMA20: 105405.82
RSI: 71.0 | ADX: 16.5
Volume: Strong
2025-06-03 19:45:53,382 - INFO - Market: NEUTRAL | BTC: 106242.10
EMA10: 105676.43 | EMA20: 105493.74
RSI: 70.3 | ADX: 17.9
Volume: Weak
2025-06-03 19:47:00,977 - INFO - Market: NEUTRAL | BTC: 106176.20
EMA10: 105664.45 | EMA20: 105487.46
RSI: 68.2 | ADX: 17.9
Volume: Strong
2025-06-03 19:48:08,414 - INFO - Market: NEUTRAL | BTC: 106261.20
EMA10: 105679.90 | EMA20: 105495.56
RSI: 70.9 | ADX: 17.9
Volume: Strong
2025-06-03 19:49:15,444 - INFO - Market: NEUTRAL | BTC: 106174.90
EMA10: 105664.21 | EMA20: 105487.34
RSI: 68.1 | ADX: 17.9
Volume: Strong
2025-06-03 19:50:22,567 - INFO - Market: NEUTRAL | BTC: 106180.00
EMA10: 105665.14 | EMA20: 105487.83
RSI: 68.3 | ADX: 17.9
Volume: Strong
2025-06-03 19:51:29,720 - INFO - Market: NEUTRAL | BTC: 106364.70
EMA10: 105698.72 | EMA20: 105505.42
RSI: 73.1 | ADX: 18.0
Volume: Strong
2025-06-03 19:52:36,993 - INFO - Market: NEUTRAL | BTC: 106424.90
EMA10: 105709.67 | EMA20: 105511.15
RSI: 73.8 | ADX: 18.1
Volume: Strong
2025-06-04 14:00:26,285 - INFO - ========================================
MARKET CONDITION: NEUTRAL
BTC Price: $105405.30
EMAs: 10=105361.62 | 20=105369.36
RSI: 51.1 | ADX: 15.1
Volume: Weak (DOWN)========================================
2025-06-04 14:01:33,400 - INFO - ========================================
MARKET CONDITION: NEUTRAL
BTC Price: $105405.30
EMAs: 10=105361.62 | 20=105369.36
RSI: 51.1 | ADX: 15.1
Volume: Weak (DOWN)========================================
2025-06-04 14:02:39,874 - INFO - ========================================
MARKET CONDITION: NEUTRAL
BTC Price: $105424.70
EMAs: 10=105365.15 | 20=105371.21
RSI: 52.2 | ADX: 15.1
Volume: Weak (DOWN)========================================
2025-06-04 14:03:51,573 - INFO - ========================================
MARKET CONDITION: NEUTRAL
BTC Price: $105418.10
EMAs: 10=105363.95 | 20=105370.58
RSI: 51.8 | ADX: 15.1
Volume: Weak (DOWN)========================================
2025-06-04 14:04:56,507 - INFO - ========================================
MARKET CONDITION: NEUTRAL
BTC Price: $105395.50
EMAs: 10=105359.84 | 20=105368.43
RSI: 50.5 | ADX: 15.1
Volume: Weak (DOWN)========================================
2025-06-04 14:07:16,105 - INFO - ========================================
MARKET CONDITION: NEUTRAL
BTC Price: $105364.30
EMAs: 10=105354.16 | 20=105365.46
RSI: 48.6 | ADX: 14.6
Volume: Weak (DOWN)========================================
2025-06-04 14:08:22,625 - INFO - ========================================
MARKET CONDITION: NEUTRAL
BTC Price: $105339.00
EMAs: 10=105349.56 | 20=105363.05
RSI: 47.2 | ADX: 14.3
Volume: Weak (DOWN)========================================
2025-06-04 14:09:29,642 - INFO - ========================================
MARKET CONDITION: NEUTRAL
BTC Price: $105319.80
EMAs: 10=105346.07 | 20=105361.22
RSI: 46.1 | ADX: 14.1
Volume: Weak (DOWN)========================================
2025-06-04 14:10:36,450 - INFO - ========================================
MARKET CONDITION: NEUTRAL
BTC Price: $105317.90
EMAs: 10=105345.73 | 20=105361.04
RSI: 46.0 | ADX: 14.1
Volume: Weak (DOWN)========================================
2025-06-04 14:11:42,486 - INFO - ========================================
MARKET CONDITION: NEUTRAL
BTC Price: $105335.10
EMAs: 10=105348.85 | 20=105362.68
RSI: 47.0 | ADX: 14.1
Volume: Weak (DOWN)========================================
2025-06-04 14:14:07,861 - INFO - ========================================
MARKET CONDITION: NEUTRAL
BTC Price: $105353.00
EMAs: 10=105352.11 | 20=105364.38
RSI: 47.9 | ADX: 14.1
Volume: Weak (DOWN)========================================
2025-06-04 14:15:15,960 - INFO - ========================================
MARKET CONDITION: NEUTRAL
BTC Price: $105322.50
EMAs: 10=105343.62 | 20=105358.59
RSI: 46.3 | ADX: 14.2
Volume: Weak (DOWN)========================================
2025-06-04 14:16:24,169 - INFO - ========================================
MARKET CONDITION: NEUTRAL
BTC Price: $105325.20
EMAs: 10=105344.11 | 20=105358.85
RSI: 46.4 | ADX: 14.2
Volume: Weak (DOWN)========================================
2025-06-04 14:17:31,419 - INFO - ========================================
MARKET CONDITION: NEUTRAL
BTC Price: $105287.80
EMAs: 10=105337.31 | 20=105355.29
RSI: 44.4 | ADX: 14.0
Volume: Weak (DOWN)========================================
2025-06-04 14:18:36,639 - INFO - ========================================
MARKET CONDITION: NEUTRAL
BTC Price: $105308.30
EMAs: 10=105341.04 | 20=105357.24
RSI: 45.5 | ADX: 14.0
Volume: Weak (DOWN)========================================
2025-06-04 14:19:42,279 - INFO - ========================================
MARKET CONDITION: NEUTRAL
BTC Price: $105305.90
EMAs: 10=105340.60 | 20=105357.01
RSI: 45.3 | ADX: 14.0
Volume: Weak (DOWN)========================================
2025-06-04 14:20:47,287 - INFO - ========================================
MARKET CONDITION: NEUTRAL
BTC Price: $105295.30
EMAs: 10=105338.67 | 20=105356.00
RSI: 44.8 | ADX: 14.0
Volume: Weak (DOWN)========================================
2025-06-04 14:21:52,251 - INFO - ========================================
MARKET CONDITION: NEUTRAL
BTC Price: $105280.30
EMAs: 10=105335.94 | 20=105354.58
RSI: 44.0 | ADX: 13.9
Volume: Weak (DOWN)========================================
2025-06-04 14:22:57,781 - INFO - ========================================
MARKET CONDITION: NEUTRAL
BTC Price: $105280.40
EMAs: 10=105335.96 | 20=105354.59
RSI: 44.0 | ADX: 13.9
Volume: Weak (DOWN)========================================
2025-06-04 14:24:02,646 - INFO - ========================================
MARKET CONDITION: NEUTRAL
BTC Price: $105304.90
EMAs: 10=105340.42 | 20=105356.92
RSI: 45.3 | ADX: 13.9
Volume: Weak (DOWN)========================================
2025-06-04 14:25:08,355 - INFO - ========================================
MARKET CONDITION: NEUTRAL
BTC Price: $105348.30
EMAs: 10=105348.31 | 20=105361.05
RSI: 47.8 | ADX: 13.9
Volume: Weak (DOWN)========================================
2025-06-04 14:26:16,017 - INFO - ========================================
MARKET CONDITION: NEUTRAL
BTC Price: $105368.80
EMAs: 10=105352.04 | 20=105363.00
RSI: 49.1 | ADX: 13.9
Volume: Weak (DOWN)========================================
2025-06-04 14:27:23,246 - INFO - ========================================
MARKET CONDITION: NEUTRAL
BTC Price: $105361.70
EMAs: 10=105350.74 | 20=105362.33
RSI: 48.7 | ADX: 13.9
Volume: Weak (DOWN)========================================
2025-06-04 14:28:29,921 - INFO - ========================================
MARKET CONDITION: NEUTRAL
BTC Price: $105349.50
EMAs: 10=105348.53 | 20=105361.17
RSI: 47.9 | ADX: 13.9
Volume: Weak (DOWN)========================================
2025-06-04 14:29:35,371 - INFO - ========================================
MARKET CONDITION: NEUTRAL
BTC Price: $105373.70
EMAs: 10=105352.93 | 20=105363.47
RSI: 49.4 | ADX: 13.9
Volume: Weak (DOWN)========================================
2025-06-04 14:30:40,885 - INFO - ========================================
MARKET CONDITION: NEUTRAL
BTC Price: $105344.00
EMAs: 10=105350.99 | 20=105361.44
RSI: 47.6 | ADX: 13.7
Volume: Weak (DOWN)========================================
2025-06-04 14:31:46,223 - INFO - ========================================
MARKET CONDITION: NEUTRAL
BTC Price: $105359.60
EMAs: 10=105353.83 | 20=105362.92
RSI: 48.5 | ADX: 13.7
Volume: Weak (DOWN)========================================
2025-06-04 14:32:51,833 - INFO - ========================================
MARKET CONDITION: NEUTRAL
BTC Price: $105352.40
EMAs: 10=105352.52 | 20=105362.24
RSI: 48.1 | ADX: 13.7
Volume: Weak (DOWN)========================================
2025-06-04 14:35:09,829 - INFO - ========================================
MARKET CONDITION: NEUTRAL
BTC Price: $105316.70
EMAs: 10=105346.03 | 20=105358.84
RSI: 46.1 | ADX: 13.7
Volume: Weak (DOWN)========================================
2025-06-04 14:36:15,337 - INFO - ========================================
MARKET CONDITION: NEUTRAL
BTC Price: $105354.40
EMAs: 10=105352.88 | 20=105362.43
RSI: 48.2 | ADX: 13.7
Volume: Weak (DOWN)========================================
2025-06-04 14:37:22,187 - INFO - ========================================
MARKET CONDITION: NEUTRAL
BTC Price: $105346.50
EMAs: 10=105351.45 | 20=105361.67
RSI: 47.7 | ADX: 13.7
Volume: Weak (DOWN)========================================
2025-06-04 14:38:27,134 - INFO - ========================================
MARKET CONDITION: NEUTRAL
BTC Price: $105335.00
EMAs: 10=105349.35 | 20=105360.58
RSI: 47.1 | ADX: 13.7
Volume: Weak (DOWN)========================================
2025-06-04 14:39:34,531 - INFO - ========================================
MARKET CONDITION: NEUTRAL
BTC Price: $105431.90
EMAs: 10=105366.97 | 20=105369.81
RSI: 52.9 | ADX: 14.1
Volume: Weak (DOWN)========================================
2025-06-04 14:40:39,564 - INFO - ========================================
MARKET CONDITION: NEUTRAL
BTC Price: $105394.10
EMAs: 10=105360.10 | 20=105366.21
RSI: 50.7 | ADX: 14.1
Volume: Weak (DOWN)========================================
2025-06-04 14:41:44,650 - INFO - ========================================
MARKET CONDITION: NEUTRAL
BTC Price: $105425.70
EMAs: 10=105365.85 | 20=105369.22
RSI: 52.5 | ADX: 14.3
Volume: Weak (DOWN)========================================
2025-06-04 14:42:49,799 - INFO - ========================================
MARKET CONDITION: NEUTRAL
BTC Price: $105532.30
EMAs: 10=105385.23 | 20=105379.37
RSI: 57.9 | ADX: 15.0
Volume: Weak (DOWN)========================================
2025-06-04 14:43:54,750 - INFO - ========================================
MARKET CONDITION: NEUTRAL
BTC Price: $105575.10
EMAs: 10=105393.01 | 20=105383.45
RSI: 59.7 | ADX: 15.0
Volume: Weak (DOWN)========================================
2025-06-04 14:44:59,843 - INFO - ========================================
MARKET CONDITION: NEUTRAL
BTC Price: $105602.00
EMAs: 10=105397.90 | 20=105386.01
RSI: 60.7 | ADX: 15.3
Volume: Strong (UP)========================================
2025-06-04 14:46:06,154 - INFO - ========================================
MARKET CONDITION: NEUTRAL
BTC Price: $105684.10
EMAs: 10=105452.60 | 20=105415.94
RSI: 63.8 | ADX: 17.0
Volume: Weak (DOWN)========================================
2025-06-04 14:47:11,325 - INFO - ========================================
MARKET CONDITION: NEUTRAL
BTC Price: $105657.10
EMAs: 10=105447.69 | 20=105413.37
RSI: 62.9 | ADX: 17.0
Volume: Weak (DOWN)========================================
2025-06-04 14:48:16,385 - INFO - ========================================
MARKET CONDITION: NEUTRAL
BTC Price: $105653.10
EMAs: 10=105446.96 | 20=105412.99
RSI: 62.7 | ADX: 17.0
Volume: Weak (DOWN)========================================
2025-06-04 14:49:21,442 - INFO - ========================================
MARKET CONDITION: NEUTRAL
BTC Price: $105651.90
EMAs: 10=105446.74 | 20=105412.87
RSI: 62.7 | ADX: 17.0
Volume: Strong (UP)========================================
2025-06-04 14:50:26,112 - INFO - ========================================
MARKET CONDITION: NEUTRAL
BTC Price: $105640.00
EMAs: 10=105444.58 | 20=105411.74
RSI: 62.2 | ADX: 17.0
Volume: Strong (UP)========================================
2025-06-04 14:51:31,216 - INFO - ========================================
MARKET CONDITION: NEUTRAL
BTC Price: $105659.90
EMAs: 10=105448.20 | 20=105413.64
RSI: 63.0 | ADX: 17.0
Volume: Strong (UP)========================================
2025-06-04 14:52:36,340 - INFO - ========================================
MARKET CONDITION: NEUTRAL
BTC Price: $105700.10
EMAs: 10=105455.51 | 20=105417.46
RSI: 64.4 | ADX: 17.0
Volume: Strong (UP)========================================
2025-06-04 14:53:41,216 - INFO - ========================================
MARKET CONDITION: NEUTRAL
BTC Price: $105705.80
EMAs: 10=105456.54 | 20=105418.01
RSI: 64.6 | ADX: 17.0
Volume: Strong (UP)========================================
2025-06-04 14:54:46,061 - INFO - ========================================
MARKET CONDITION: NEUTRAL
BTC Price: $105770.00
EMAs: 10=105468.22 | 20=105424.12
RSI: 66.6 | ADX: 17.2
Volume: Strong (UP)========================================
2025-06-04 14:55:50,967 - INFO - ========================================
MARKET CONDITION: NEUTRAL
BTC Price: $105840.00
EMAs: 10=105480.94 | 20=105430.79
RSI: 68.6 | ADX: 17.6
Volume: Strong (UP)========================================
2025-06-04 14:56:55,915 - INFO - ========================================
MARKET CONDITION: NEUTRAL
BTC Price: $105810.10
EMAs: 10=105475.51 | 20=105427.94
RSI: 67.8 | ADX: 17.6
Volume: Strong (UP)========================================
2025-06-04 14:58:00,822 - INFO - ========================================
MARKET CONDITION: NEUTRAL
BTC Price: $105810.10
EMAs: 10=105475.51 | 20=105427.94
RSI: 67.8 | ADX: 17.6
Volume: Strong (UP)========================================
2025-06-04 14:59:05,752 - INFO - ========================================
MARKET CONDITION: NEUTRAL
BTC Price: $105773.10
EMAs: 10=105468.78 | 20=105424.42
RSI: 66.7 | ADX: 17.6
Volume: Strong (UP)========================================
2025-06-04 15:00:10,632 - INFO - ========================================
MARKET CONDITION: NEUTRAL
BTC Price: $105800.90
EMAs: 10=105530.70 | 20=105461.16
RSI: 67.6 | ADX: 19.7
Volume: Weak (DOWN)========================================
2025-06-04 15:01:15,617 - INFO - ========================================
MARKET CONDITION: NEUTRAL
BTC Price: $105853.10
EMAs: 10=105540.19 | 20=105466.14
RSI: 69.1 | ADX: 19.7
Volume: Weak (DOWN)========================================
2025-06-04 15:02:20,435 - INFO - ========================================
MARKET CONDITION: NEUTRAL
BTC Price: $105821.00
EMAs: 10=105534.35 | 20=105463.08
RSI: 68.2 | ADX: 19.7
Volume: Weak (DOWN)========================================
2025-06-04 15:03:25,467 - INFO - ========================================
MARKET CONDITION: NEUTRAL
BTC Price: $105770.00
EMAs: 10=105525.08 | 20=105458.22
RSI: 66.2 | ADX: 19.7
Volume: Weak (DOWN)========================================
2025-06-04 15:04:31,517 - INFO - ========================================
MARKET CONDITION: NEUTRAL
BTC Price: $105760.00
EMAs: 10=105523.26 | 20=105457.27
RSI: 65.6 | ADX: 19.7
Volume: Weak (DOWN)========================================
2025-06-04 15:05:37,137 - INFO - ========================================
MARKET CONDITION: NEUTRAL
BTC Price: $105750.00
EMAs: 10=105521.44 | 20=105456.32
RSI: 64.9 | ADX: 19.7
Volume: Weak (DOWN)========================================
2025-06-04 15:06:42,635 - INFO - ========================================
MARKET CONDITION: NEUTRAL
BTC Price: $105740.00
EMAs: 10=105519.63 | 20=105455.36
RSI: 64.4 | ADX: 19.7
Volume: Strong (UP)========================================
2025-06-04 15:07:47,876 - INFO - ========================================
MARKET CONDITION: NEUTRAL
BTC Price: $105810.00
EMAs: 10=105532.35 | 20=105462.03
RSI: 67.8 | ADX: 19.7
Volume: Strong (UP)========================================
2025-06-04 15:08:53,003 - INFO - ========================================
MARKET CONDITION: NEUTRAL
BTC Price: $105857.90
EMAs: 10=105541.06 | 20=105466.59
RSI: 69.2 | ADX: 19.7
Volume: Strong (UP)========================================
2025-06-04 15:09:57,996 - INFO - ========================================
MARKET CONDITION: NEUTRAL
BTC Price: $105853.40
EMAs: 10=105540.24 | 20=105466.16
RSI: 69.1 | ADX: 19.7
Volume: Strong (UP)========================================
2025-06-04 15:11:02,955 - INFO - ========================================
MARKET CONDITION: NEUTRAL
BTC Price: $105828.30
EMAs: 10=105535.68 | 20=105463.77
RSI: 68.4 | ADX: 19.7
Volume: Strong (UP)========================================
2025-06-04 15:12:07,853 - INFO - ========================================
MARKET CONDITION: NEUTRAL
BTC Price: $105833.20
EMAs: 10=105536.57 | 20=105464.24
RSI: 68.5 | ADX: 19.7
Volume: Strong (UP)========================================
2025-06-04 15:13:12,904 - INFO - ========================================
MARKET CONDITION: NEUTRAL
BTC Price: $105870.00
EMAs: 10=105543.26 | 20=105467.75
RSI: 69.5 | ADX: 19.8
Volume: Strong (UP)========================================
2025-06-04 15:14:18,390 - INFO - ========================================
MARKET CONDITION: NEUTRAL
BTC Price: $105949.90
EMAs: 10=105557.79 | 20=105475.35
RSI: 71.6 | ADX: 20.0
Volume: Strong (UP)========================================
2025-06-04 15:15:23,252 - INFO - ========================================
MARKET CONDITION: NEUTRAL
BTC Price: $105894.20
EMAs: 10=105611.87 | 20=105511.14
RSI: 69.9 | ADX: 22.3
Volume: Weak (DOWN)========================================
2025-06-04 15:16:28,219 - INFO - ========================================
MARKET CONDITION: NEUTRAL
BTC Price: $105865.00
EMAs: 10=105606.56 | 20=105508.36
RSI: 68.0 | ADX: 22.3
Volume: Weak (DOWN)========================================
2025-06-04 15:17:33,093 - INFO - ========================================
MARKET CONDITION: NEUTRAL
BTC Price: $105873.90
EMAs: 10=105608.18 | 20=105509.21
RSI: 68.6 | ADX: 22.3
Volume: Weak (DOWN)========================================
2025-06-04 15:18:38,012 - INFO - ========================================
MARKET CONDITION: NEUTRAL
BTC Price: $105850.00
EMAs: 10=105603.84 | 20=105506.93
RSI: 67.1 | ADX: 22.3
Volume: Weak (DOWN)========================================
2025-06-04 15:19:43,623 - INFO - ========================================
MARKET CONDITION: NEUTRAL
BTC Price: $105860.60
EMAs: 10=105605.76 | 20=105507.94
RSI: 67.8 | ADX: 22.3
Volume: Weak (DOWN)========================================
2025-06-04 15:20:49,374 - INFO - ========================================
MARKET CONDITION: NEUTRAL
BTC Price: $105840.00
EMAs: 10=105602.02 | 20=105505.98
RSI: 66.6 | ADX: 22.3
Volume: Weak (DOWN)========================================
2025-06-04 15:21:54,340 - INFO - ========================================
MARKET CONDITION: NEUTRAL
BTC Price: $105754.50
EMAs: 10=105586.47 | 20=105497.84
RSI: 61.9 | ADX: 22.3
Volume: Weak (DOWN)========================================
2025-06-04 15:22:59,294 - INFO - ========================================
MARKET CONDITION: NEUTRAL
BTC Price: $105731.00
EMAs: 10=105582.20 | 20=105495.60
RSI: 60.8 | ADX: 22.3
Volume: Weak (DOWN)========================================
2025-06-04 15:24:04,378 - INFO - ========================================
MARKET CONDITION: NEUTRAL
BTC Price: $105745.20
EMAs: 10=105584.78 | 20=105496.95
RSI: 61.5 | ADX: 22.3
Volume: Weak (DOWN)========================================
2025-06-04 15:25:09,328 - INFO - ========================================
MARKET CONDITION: NEUTRAL
BTC Price: $105789.70
EMAs: 10=105592.87 | 20=105501.19
RSI: 63.7 | ADX: 22.3
Volume: Weak (DOWN)========================================
2025-06-04 15:26:14,302 - INFO - ========================================
MARKET CONDITION: NEUTRAL
BTC Price: $105783.20
EMAs: 10=105591.69 | 20=105500.57
RSI: 63.4 | ADX: 22.3
Volume: Weak (DOWN)========================================
2025-06-04 15:27:19,908 - INFO - ========================================
MARKET CONDITION: NEUTRAL
BTC Price: $105723.40
EMAs: 10=105580.82 | 20=105494.87
RSI: 60.4 | ADX: 22.3
Volume: Strong (UP)========================================
2025-06-04 15:28:24,915 - INFO - ========================================
MARKET CONDITION: NEUTRAL
BTC Price: $105700.00
EMAs: 10=105576.56 | 20=105492.64
RSI: 59.3 | ADX: 22.1
Volume: Strong (UP)========================================
2025-06-04 15:29:29,957 - INFO - ========================================
MARKET CONDITION: NEUTRAL
BTC Price: $105702.90
EMAs: 10=105577.09 | 20=105492.92
RSI: 59.4 | ADX: 22.0
Volume: Strong (UP)========================================
2025-06-04 15:30:34,936 - INFO - ========================================
MARKET CONDITION: NEUTRAL
BTC Price: $105705.20
EMAs: 10=105597.42 | 20=105511.41
RSI: 59.3 | ADX: 23.8
Volume: Weak (DOWN)========================================
2025-06-04 15:31:39,820 - INFO - ========================================
MARKET CONDITION: NEUTRAL
BTC Price: $105665.30
EMAs: 10=105590.17 | 20=105507.61
RSI: 57.7 | ADX: 23.6
Volume: Weak (DOWN)========================================
2025-06-04 15:32:44,747 - INFO - ========================================
MARKET CONDITION: NEUTRAL
BTC Price: $105658.10
EMAs: 10=105588.86 | 20=105506.92
RSI: 57.3 | ADX: 23.5
Volume: Weak (DOWN)========================================
2025-06-04 15:33:49,934 - INFO - ========================================
MARKET CONDITION: NEUTRAL
BTC Price: $105639.10
EMAs: 10=105585.41 | 20=105505.11
RSI: 56.5 | ADX: 23.2
Volume: Weak (DOWN)========================================
2025-06-04 15:34:54,819 - INFO - ========================================
MARKET CONDITION: NEUTRAL
BTC Price: $105654.00
EMAs: 10=105588.11 | 20=105506.53
RSI: 57.1 | ADX: 23.2
Volume: Weak (DOWN)========================================
2025-06-04 15:35:59,750 - INFO - ========================================
MARKET CONDITION: NEUTRAL
BTC Price: $105684.10
EMAs: 10=105593.59 | 20=105509.40
RSI: 58.6 | ADX: 23.2
Volume: Weak (DOWN)========================================
2025-06-04 15:37:04,729 - INFO - ========================================
MARKET CONDITION: NEUTRAL
BTC Price: $105675.20
EMAs: 10=105591.97 | 20=105508.55
RSI: 58.1 | ADX: 23.2
Volume: Weak (DOWN)========================================
2025-06-04 15:38:09,730 - INFO - ========================================
MARKET CONDITION: NEUTRAL
BTC Price: $105667.20
EMAs: 10=105590.51 | 20=105507.79
RSI: 57.8 | ADX: 23.2
Volume: Weak (DOWN)========================================
2025-06-04 15:39:14,744 - INFO - ========================================
MARKET CONDITION: NEUTRAL
BTC Price: $105684.60
EMAs: 10=105593.68 | 20=105509.45
RSI: 58.6 | ADX: 23.2
Volume: Weak (DOWN)========================================
2025-06-04 15:41:24,343 - INFO - ========================================
MARKET CONDITION: NEUTRAL
BTC Price: $105661.80
EMAs: 10=105589.53 | 20=105507.28
RSI: 57.5 | ADX: 23.2
Volume: Weak (DOWN)========================================
2025-06-04 15:42:28,843 - INFO - ========================================
MARKET CONDITION: NEUTRAL
BTC Price: $105660.00
EMAs: 10=105589.21 | 20=105507.10
RSI: 57.4 | ADX: 23.2
Volume: Weak (DOWN)========================================
2025-06-04 15:43:33,173 - INFO - ========================================
MARKET CONDITION: NEUTRAL
BTC Price: $105694.60
EMAs: 10=105595.50 | 20=105510.40
RSI: 58.9 | ADX: 23.2
Volume: Weak (DOWN)========================================
2025-06-04 15:44:37,502 - INFO - ========================================
MARKET CONDITION: NEUTRAL
BTC Price: $105700.00
EMAs: 10=105596.48 | 20=105510.91
RSI: 59.1 | ADX: 23.2
Volume: Weak (DOWN)========================================
2025-06-04 15:45:41,887 - INFO - ========================================
MARKET CONDITION: NEUTRAL
BTC Price: $105687.00
EMAs: 10=105613.92 | 20=105528.24
RSI: 58.3 | ADX: 24.3
Volume: Weak (DOWN)========================================
2025-06-04 15:46:46,338 - INFO - ========================================
MARKET CONDITION: NEUTRAL
BTC Price: $105705.00
EMAs: 10=105617.19 | 20=105529.95
RSI: 59.2 | ADX: 24.3
Volume: Weak (DOWN)========================================
2025-06-04 15:47:50,686 - INFO - ========================================
MARKET CONDITION: NEUTRAL
BTC Price: $105683.20
EMAs: 10=105613.23 | 20=105527.88
RSI: 58.1 | ADX: 24.3
Volume: Weak (DOWN)========================================
2025-06-04 15:48:55,109 - INFO - ========================================
MARKET CONDITION: NEUTRAL
BTC Price: $105651.40
EMAs: 10=105607.45 | 20=105524.85
RSI: 56.6 | ADX: 24.3
Volume: Weak (DOWN)========================================
2025-06-04 15:49:59,512 - INFO - ========================================
MARKET CONDITION: NEUTRAL
BTC Price: $105625.20
EMAs: 10=105602.68 | 20=105522.35
RSI: 55.4 | ADX: 24.2
Volume: Weak (DOWN)========================================
2025-06-04 15:51:03,812 - INFO - ========================================
MARKET CONDITION: NEUTRAL
BTC Price: $105611.10
EMAs: 10=105600.12 | 20=105521.01
RSI: 54.7 | ADX: 24.2
Volume: Weak (DOWN)========================================
2025-06-04 15:52:08,168 - INFO - ========================================
MARKET CONDITION: NEUTRAL
BTC Price: $105616.00
EMAs: 10=105601.01 | 20=105521.48
RSI: 55.0 | ADX: 24.1
Volume: Weak (DOWN)========================================
2025-06-04 15:53:12,965 - INFO - ========================================
MARKET CONDITION: NEUTRAL
BTC Price: $105615.80
EMAs: 10=105600.97 | 20=105521.46
RSI: 54.9 | ADX: 24.1
Volume: Weak (DOWN)========================================
2025-06-04 15:55:40,377 - INFO - ========================================
MARKET CONDITION: NEUTRAL
BTC Price: $105625.00
EMAs: 10=105602.65 | 20=105522.33
RSI: 55.4 | ADX: 24.1
Volume: Weak (DOWN)========================================
2025-06-04 15:56:45,166 - INFO - ========================================
MARKET CONDITION: NEUTRAL
BTC Price: $105610.10
EMAs: 10=105599.94 | 20=105520.92
RSI: 54.7 | ADX: 24.1
Volume: Weak (DOWN)========================================
2025-06-04 15:57:51,031 - INFO - ========================================
MARKET CONDITION: NEUTRAL
BTC Price: $105623.90
EMAs: 10=105602.45 | 20=105522.23
RSI: 55.3 | ADX: 24.1
Volume: Weak (DOWN)========================================
2025-06-04 15:58:57,220 - INFO - ========================================
MARKET CONDITION: NEUTRAL
BTC Price: $105630.10
EMAs: 10=105603.57 | 20=105522.82
RSI: 55.6 | ADX: 24.1
Volume: Weak (DOWN)========================================
2025-06-04 16:00:03,652 - INFO - ========================================
MARKET CONDITION: NEUTRAL
BTC Price: $105650.40
EMAs: 10=105607.26 | 20=105524.75
RSI: 56.5 | ADX: 24.1
Volume: Weak (DOWN)========================================
2025-06-04 16:01:09,926 - INFO - ========================================
MARKET CONDITION: NEUTRAL
BTC Price: $105668.70
EMAs: 10=105618.43 | 20=105538.45
RSI: 57.2 | ADX: 25.0
Volume: Weak (DOWN)========================================
2025-06-04 16:02:16,203 - INFO - ========================================
MARKET CONDITION: NEUTRAL
BTC Price: $105682.80
EMAs: 10=105621.00 | 20=105539.79
RSI: 57.8 | ADX: 25.0
Volume: Weak (DOWN)========================================
2025-06-04 16:03:22,703 - INFO - ========================================
MARKET CONDITION: NEUTRAL
BTC Price: $105687.00
EMAs: 10=105621.76 | 20=105540.19
RSI: 57.9 | ADX: 25.0
Volume: Weak (DOWN)========================================
2025-06-04 16:04:28,966 - INFO - ========================================
MARKET CONDITION: NEUTRAL
BTC Price: $105699.90
EMAs: 10=105624.11 | 20=105541.42
RSI: 58.4 | ADX: 25.0
Volume: Weak (DOWN)========================================
2025-06-04 16:05:35,430 - INFO - ========================================
MARKET CONDITION: NEUTRAL
BTC Price: $105682.70
EMAs: 10=105620.98 | 20=105539.78
RSI: 57.8 | ADX: 25.0
Volume: Weak (DOWN)========================================
2025-06-04 16:06:42,263 - INFO - ========================================
MARKET CONDITION: NEUTRAL
BTC Price: $105714.90
EMAs: 10=105626.83 | 20=105542.85
RSI: 58.9 | ADX: 25.0
Volume: Weak (DOWN)========================================
2025-06-04 16:07:48,689 - INFO - ========================================
MARKET CONDITION: NEUTRAL
BTC Price: $105697.30
EMAs: 10=105623.63 | 20=105541.17
RSI: 58.3 | ADX: 25.0
Volume: Weak (DOWN)========================================
2025-06-04 16:08:55,263 - INFO - ========================================
MARKET CONDITION: NEUTRAL
BTC Price: $105699.60
EMAs: 10=105624.05 | 20=105541.39
RSI: 58.4 | ADX: 25.0
Volume: Weak (DOWN)========================================
2025-06-04 16:10:01,642 - INFO - ========================================
MARKET CONDITION: NEUTRAL
BTC Price: $105745.00
EMAs: 10=105632.31 | 20=105545.72
RSI: 59.9 | ADX: 25.1
Volume: Weak (DOWN)========================================
2025-06-04 16:11:08,019 - INFO - ========================================
MARKET CONDITION: NEUTRAL
BTC Price: $105688.40
EMAs: 10=105622.02 | 20=105540.33
RSI: 58.0 | ADX: 25.2
Volume: Weak (DOWN)========================================
2025-06-04 16:12:14,379 - INFO - ========================================
MARKET CONDITION: NEUTRAL
BTC Price: $105600.00
EMAs: 10=105605.94 | 20=105531.91
RSI: 54.1 | ADX: 25.2
Volume: Weak (DOWN)========================================
2025-06-04 16:13:20,949 - INFO - ========================================
MARKET CONDITION: NEUTRAL
BTC Price: $105591.40
EMAs: 10=105604.38 | 20=105531.09
RSI: 53.7 | ADX: 25.2
Volume: Strong (UP)========================================
2025-06-04 16:14:27,384 - INFO - ========================================
MARKET CONDITION: NEUTRAL
BTC Price: $105590.50
EMAs: 10=105604.22 | 20=105531.00
RSI: 53.6 | ADX: 25.2
Volume: Strong (UP)========================================
2025-06-04 16:15:35,053 - INFO - ========================================
MARKET CONDITION: NEUTRAL
BTC Price: $105599.90
EMAs: 10=105603.92 | 20=105537.83
RSI: 54.1 | ADX: 26.1
Volume: Weak (DOWN)========================================
2025-06-04 16:16:42,087 - INFO - ========================================
MARKET CONDITION: NEUTRAL
BTC Price: $105592.00
EMAs: 10=105602.49 | 20=105537.08
RSI: 53.7 | ADX: 26.1
Volume: Weak (DOWN)========================================
2025-06-04 16:17:49,094 - INFO - ========================================
MARKET CONDITION: NEUTRAL
BTC Price: $105599.90
EMAs: 10=105603.92 | 20=105537.83
RSI: 54.1 | ADX: 26.1
Volume: Weak (DOWN)========================================
2025-06-04 16:18:55,989 - INFO - ========================================
MARKET CONDITION: NEUTRAL
BTC Price: $105544.20
EMAs: 10=105593.80 | 20=105532.53
RSI: 51.5 | ADX: 25.7
Volume: Weak (DOWN)========================================
2025-06-04 16:20:02,256 - INFO - ========================================
MARKET CONDITION: NEUTRAL
BTC Price: $105489.50
EMAs: 10=105583.85 | 20=105527.32
RSI: 49.1 | ADX: 25.2
Volume: Weak (DOWN)========================================
2025-06-04 16:21:09,198 - INFO - ========================================
MARKET CONDITION: NEUTRAL
BTC Price: $105500.00
EMAs: 10=105585.76 | 20=105528.32
RSI: 49.5 | ADX: 25.2
Volume: Weak (DOWN)========================================
2025-06-04 16:22:15,806 - INFO - ========================================
MARKET CONDITION: NEUTRAL
BTC Price: $105523.40
EMAs: 10=105590.01 | 20=105530.55
RSI: 50.5 | ADX: 25.2
Volume: Weak (DOWN)========================================
2025-06-04 16:23:22,451 - INFO - ========================================
MARKET CONDITION: NEUTRAL
BTC Price: $105527.90
EMAs: 10=105590.83 | 20=105530.98
RSI: 50.7 | ADX: 25.1
Volume: Strong (UP)========================================
2025-06-04 16:24:29,585 - INFO - ========================================
MARKET CONDITION: NEUTRAL
BTC Price: $105445.90
EMAs: 10=105575.92 | 20=105523.17
RSI: 47.4 | ADX: 24.7
Volume: Strong (UP)========================================
2025-06-04 16:25:36,134 - INFO - ========================================
MARKET CONDITION: NEUTRAL
BTC Price: $105380.00
EMAs: 10=105563.94 | 20=105516.89
RSI: 45.0 | ADX: 24.3
Volume: Strong (UP)========================================
2025-06-04 16:26:42,972 - INFO - ========================================
MARKET CONDITION: NEUTRAL
BTC Price: $105336.50
EMAs: 10=105556.03 | 20=105512.75
RSI: 43.5 | ADX: 24.1
Volume: Strong (UP)========================================
2025-06-04 16:27:49,441 - INFO - ========================================
MARKET CONDITION: NEUTRAL
BTC Price: $105373.90
EMAs: 10=105562.83 | 20=105516.31
RSI: 44.7 | ADX: 24.1
Volume: Strong (UP)========================================
2025-06-04 16:28:56,140 - INFO - ========================================
MARKET CONDITION: NEUTRAL
BTC Price: $105350.00
EMAs: 10=105558.49 | 20=105514.03
RSI: 43.9 | ADX: 24.1
Volume: Strong (UP)========================================
2025-06-04 16:30:02,704 - INFO - ========================================
MARKET CONDITION: NEUTRAL
BTC Price: $105385.00
EMAs: 10=105564.85 | 20=105517.37
RSI: 45.1 | ADX: 24.1
Volume: Strong (UP)========================================
2025-06-04 16:31:09,364 - INFO - ========================================
MARKET CONDITION: NEUTRAL
BTC Price: $105379.00
EMAs: 10=105531.06 | 20=105504.18
RSI: 44.9 | ADX: 23.0
Volume: Weak (DOWN)========================================
2025-06-04 16:32:15,885 - INFO - ========================================
MARKET CONDITION: NEUTRAL
BTC Price: $105373.10
EMAs: 10=105529.99 | 20=105503.62
RSI: 44.7 | ADX: 23.0
Volume: Weak (DOWN)========================================
2025-06-04 16:33:22,251 - INFO - ========================================
MARKET CONDITION: NEUTRAL
BTC Price: $105281.20
EMAs: 10=105513.28 | 20=105494.86
RSI: 41.5 | ADX: 22.5
Volume: Weak (DOWN)========================================
2025-06-04 16:34:28,658 - INFO - ========================================
MARKET CONDITION: NEUTRAL
BTC Price: $105160.90
EMAs: 10=105491.40 | 20=105483.41
RSI: 38.0 | ADX: 22.7
Volume: Strong (UP)========================================
2025-06-04 16:35:35,082 - INFO - ========================================
MARKET CONDITION: NEUTRAL
BTC Price: $105136.60
EMAs: 10=105486.99 | 20=105481.09
RSI: 37.4 | ADX: 23.0
Volume: Strong (UP)========================================
2025-06-04 16:36:41,364 - INFO - ========================================
MARKET CONDITION: NEUTRAL
BTC Price: $105233.30
EMAs: 10=105504.57 | 20=105490.30
RSI: 40.1 | ADX: 23.0
Volume: Strong (UP)========================================
2025-06-04 16:37:47,632 - INFO - ========================================
MARKET CONDITION: NEUTRAL
BTC Price: $105242.30
EMAs: 10=105506.20 | 20=105491.16
RSI: 40.3 | ADX: 23.0
Volume: Strong (UP)========================================
2025-06-04 16:38:54,032 - INFO - ========================================
MARKET CONDITION: NEUTRAL
BTC Price: $105256.80
EMAs: 10=105508.84 | 20=105492.54
RSI: 40.8 | ADX: 23.0
Volume: Strong (UP)========================================
2025-06-04 16:40:00,705 - INFO - ========================================
MARKET CONDITION: NEUTRAL
BTC Price: $105254.60
EMAs: 10=105508.44 | 20=105492.33
RSI: 40.7 | ADX: 23.0
Volume: Strong (UP)========================================
2025-06-04 16:41:08,356 - INFO - ========================================
MARKET CONDITION: NEUTRAL
BTC Price: $105227.40
EMAs: 10=105503.50 | 20=105489.74
RSI: 39.9 | ADX: 23.0
Volume: Strong (UP)========================================
2025-06-04 16:42:17,862 - INFO - ========================================
MARKET CONDITION: NEUTRAL
BTC Price: $105232.30
EMAs: 10=105504.39 | 20=105490.21
RSI: 40.0 | ADX: 23.0
Volume: Strong (UP)========================================
2025-06-04 16:43:24,042 - INFO - ========================================
MARKET CONDITION: NEUTRAL
BTC Price: $105195.40
EMAs: 10=105497.68 | 20=105486.69
RSI: 39.0 | ADX: 23.0
Volume: Strong (UP)========================================
2025-06-04 16:44:30,302 - INFO - ========================================
MARKET CONDITION: NEUTRAL
BTC Price: $105199.70
EMAs: 10=105498.46 | 20=105487.10
RSI: 39.1 | ADX: 23.0
Volume: Strong (UP)========================================
2025-06-04 16:45:42,384 - INFO - ========================================
MARKET CONDITION: NEUTRAL
BTC Price: $105170.00
EMAs: 10=105436.06 | 20=105455.34
RSI: 38.3 | ADX: 22.0
Volume: Weak (DOWN)========================================
2025-06-04 16:47:12,410 - INFO - ========================================
MARKET CONDITION: NEUTRAL
BTC Price: $105182.20
EMAs: 10=105438.28 | 20=105456.51
RSI: 38.6 | ADX: 22.0
Volume: Weak (DOWN)========================================
2025-06-04 16:48:19,382 - INFO - ========================================
MARKET CONDITION: NEUTRAL
BTC Price: $105238.70
EMAs: 10=105448.55 | 20=105461.89
RSI: 41.2 | ADX: 22.0
Volume: Weak (DOWN)========================================
2025-06-04 16:49:25,740 - INFO - ========================================
MARKET CONDITION: NEUTRAL
BTC Price: $105198.70
EMAs: 10=105441.28 | 20=105458.08
RSI: 39.4 | ADX: 22.0
Volume: Weak (DOWN)========================================
2025-06-04 16:50:31,864 - INFO - ========================================
MARKET CONDITION: NEUTRAL
BTC Price: $105219.30
EMAs: 10=105445.02 | 20=105460.04
RSI: 40.3 | ADX: 22.0
Volume: Weak (DOWN)========================================
2025-06-04 16:51:38,169 - INFO - ========================================
MARKET CONDITION: NEUTRAL
BTC Price: $105221.80
EMAs: 10=105445.48 | 20=105460.28
RSI: 40.4 | ADX: 22.0
Volume: Weak (DOWN)========================================
2025-06-04 16:52:44,533 - INFO - ========================================
MARKET CONDITION: NEUTRAL
BTC Price: $105235.50
EMAs: 10=105447.97 | 20=105461.58
RSI: 41.0 | ADX: 22.0
Volume: Weak (DOWN)========================================
2025-06-04 16:53:50,692 - INFO - ========================================
MARKET CONDITION: NEUTRAL
BTC Price: $105227.80
EMAs: 10=105446.57 | 20=105460.85
RSI: 40.7 | ADX: 22.0
Volume: Weak (DOWN)========================================
2025-06-04 16:54:56,971 - INFO - ========================================
MARKET CONDITION: NEUTRAL
BTC Price: $105191.80
EMAs: 10=105440.02 | 20=105457.42
RSI: 39.1 | ADX: 22.0
Volume: Weak (DOWN)========================================
2025-06-04 16:56:03,520 - INFO - ========================================
MARKET CONDITION: NEUTRAL
BTC Price: $105058.40
EMAs: 10=105415.77 | 20=105444.72
RSI: 35.3 | ADX: 22.3
Volume: Strong (UP)========================================
2025-06-04 16:57:10,373 - INFO - ========================================
MARKET CONDITION: NEUTRAL
BTC Price: $105076.80
EMAs: 10=105419.12 | 20=105446.47
RSI: 35.7 | ADX: 22.3
Volume: Strong (UP)========================================
2025-06-04 16:58:16,851 - INFO - ========================================
MARKET CONDITION: NEUTRAL
BTC Price: $105054.70
EMAs: 10=105415.10 | 20=105444.36
RSI: 35.2 | ADX: 22.3
Volume: Strong (UP)========================================
2025-06-04 16:59:23,376 - INFO - ========================================
MARKET CONDITION: NEUTRAL
BTC Price: $105050.00
EMAs: 10=105414.24 | 20=105443.92
RSI: 35.1 | ADX: 22.3
Volume: Strong (UP)========================================
2025-06-04 17:00:29,678 - INFO - ========================================
MARKET CONDITION: NEUTRAL
BTC Price: $105019.00
EMAs: 10=105341.50 | 20=105402.93
RSI: 34.3 | ADX: 22.0
Volume: Weak (DOWN)========================================
2025-06-04 17:01:36,169 - INFO - ========================================
MARKET CONDITION: NEUTRAL
BTC Price: $104949.10
EMAs: 10=105328.79 | 20=105396.28
RSI: 32.6 | ADX: 22.3
Volume: Weak (DOWN)========================================
2025-06-04 17:02:42,645 - INFO - ========================================
MARKET CONDITION: NEUTRAL
BTC Price: $104992.60
EMAs: 10=105336.70 | 20=105400.42
RSI: 33.6 | ADX: 22.3
Volume: Weak (DOWN)========================================
2025-06-04 17:03:48,938 - INFO - ========================================
MARKET CONDITION: NEUTRAL
BTC Price: $105058.20
EMAs: 10=105348.63 | 20=105406.67
RSI: 35.6 | ADX: 22.3
Volume: Weak (DOWN)========================================
2025-06-04 17:04:55,301 - INFO - ========================================
MARKET CONDITION: NEUTRAL
BTC Price: $105030.50
EMAs: 10=105343.59 | 20=105404.03
RSI: 34.6 | ADX: 22.3
Volume: Strong (UP)========================================
2025-06-04 17:06:01,765 - INFO - ========================================
MARKET CONDITION: NEUTRAL
BTC Price: $105071.70
EMAs: 10=105351.08 | 20=105407.95
RSI: 36.2 | ADX: 22.3
Volume: Strong (UP)========================================
2025-06-04 17:07:08,097 - INFO - ========================================
MARKET CONDITION: NEUTRAL
BTC Price: $105050.10
EMAs: 10=105347.16 | 20=105405.90
RSI: 35.2 | ADX: 22.3
Volume: Strong (UP)========================================
2025-06-04 17:08:14,338 - INFO - ========================================
MARKET CONDITION: NEUTRAL
BTC Price: $105095.60
EMAs: 10=105355.43 | 20=105410.23
RSI: 37.3 | ADX: 22.3
Volume: Strong (UP)========================================
2025-06-04 17:09:20,592 - INFO - ========================================
MARKET CONDITION: NEUTRAL
BTC Price: $105074.70
EMAs: 10=105351.63 | 20=105408.24
RSI: 36.4 | ADX: 22.3
Volume: Strong (UP)========================================
2025-06-04 17:10:27,766 - INFO - ========================================
MARKET CONDITION: NEUTRAL
BTC Price: $105085.40
EMAs: 10=105353.58 | 20=105409.26
RSI: 36.9 | ADX: 22.3
Volume: Strong (UP)========================================
2025-06-04 17:11:34,264 - INFO - ========================================
MARKET CONDITION: NEUTRAL
BTC Price: $105101.10
EMAs: 10=105356.43 | 20=105410.75
RSI: 37.6 | ADX: 22.3
Volume: Strong (UP)========================================
2025-06-04 17:12:40,635 - INFO - ========================================
MARKET CONDITION: NEUTRAL
BTC Price: $105099.20
EMAs: 10=105356.08 | 20=105410.57
RSI: 37.5 | ADX: 22.3
Volume: Strong (UP)========================================
2025-06-04 17:13:47,145 - INFO - ========================================
MARKET CONDITION: NEUTRAL
BTC Price: $105112.20
EMAs: 10=105358.45 | 20=105411.81
RSI: 38.1 | ADX: 22.3
Volume: Strong (UP)========================================
2025-06-04 17:14:53,491 - INFO - ========================================
MARKET CONDITION: NEUTRAL
BTC Price: $105110.20
EMAs: 10=105358.08 | 20=105411.62
RSI: 38.0 | ADX: 22.3
Volume: Strong (UP)========================================
2025-06-04 17:15:59,814 - INFO - ========================================
MARKET CONDITION: NEUTRAL
BTC Price: $105077.00
EMAs: 10=105306.29 | 20=105379.36
RSI: 37.0 | ADX: 22.3
Volume: Weak (DOWN)========================================
2025-06-04 17:17:06,456 - INFO - ========================================
MARKET CONDITION: NEUTRAL
BTC Price: $105058.10
EMAs: 10=105302.86 | 20=105377.56
RSI: 36.4 | ADX: 22.3
Volume: Weak (DOWN)========================================
2025-06-04 17:18:12,906 - INFO - ========================================
MARKET CONDITION: NEUTRAL
BTC Price: $105051.80
EMAs: 10=105301.71 | 20=105376.96
RSI: 36.3 | ADX: 22.3
Volume: Weak (DOWN)========================================
2025-06-04 17:19:19,123 - INFO - ========================================
MARKET CONDITION: NEUTRAL
BTC Price: $104993.40
EMAs: 10=105291.09 | 20=105371.40
RSI: 34.8 | ADX: 22.3
Volume: Weak (DOWN)========================================
2025-06-04 17:20:25,404 - INFO - ========================================
MARKET CONDITION: NEUTRAL
BTC Price: $104960.50
EMAs: 10=105285.11 | 20=105368.26
RSI: 34.0 | ADX: 22.3
Volume: Weak (DOWN)========================================
2025-06-04 17:21:32,678 - INFO - ========================================
MARKET CONDITION: NEUTRAL
BTC Price: $104929.40
EMAs: 10=105279.46 | 20=105365.30
RSI: 33.3 | ADX: 22.3
Volume: Weak (DOWN)========================================
2025-06-04 17:22:38,802 - INFO - ========================================
MARKET CONDITION: NEUTRAL
BTC Price: $104892.00
EMAs: 10=105272.66 | 20=105361.74
RSI: 32.5 | ADX: 22.4
Volume: Weak (DOWN)========================================
2025-06-04 17:23:45,152 - INFO - ========================================
MARKET CONDITION: NEUTRAL
BTC Price: $104924.00
EMAs: 10=105278.48 | 20=105364.79
RSI: 33.2 | ADX: 22.5
Volume: Weak (DOWN)========================================
2025-06-04 17:24:51,594 - INFO - ========================================
MARKET CONDITION: NEUTRAL
BTC Price: $104925.20
EMAs: 10=105278.69 | 20=105364.90
RSI: 33.2 | ADX: 22.5
Volume: Weak (DOWN)========================================
2025-06-04 17:25:58,004 - INFO - ========================================
MARKET CONDITION: NEUTRAL
BTC Price: $104904.30
EMAs: 10=105274.89 | 20=105362.91
RSI: 32.7 | ADX: 22.5
Volume: Strong (UP)========================================
2025-06-04 17:27:04,718 - INFO - ========================================
MARKET CONDITION: NEUTRAL
BTC Price: $104963.10
EMAs: 10=105285.59 | 20=105368.51
RSI: 34.1 | ADX: 22.5
Volume: Strong (UP)========================================
2025-06-04 17:28:11,471 - INFO - ========================================
MARKET CONDITION: NEUTRAL
BTC Price: $104925.50
EMAs: 10=105278.75 | 20=105364.93
RSI: 33.2 | ADX: 22.5
Volume: Strong (UP)========================================
2025-06-04 17:29:17,909 - INFO - ========================================
MARKET CONDITION: NEUTRAL
BTC Price: $104926.30
EMAs: 10=105278.89 | 20=105365.00
RSI: 33.2 | ADX: 22.5
Volume: Strong (UP)========================================
2025-06-04 17:30:24,315 - INFO - ========================================
MARKET CONDITION: NEUTRAL
BTC Price: $104911.40
EMAs: 10=105209.65 | 20=105320.41
RSI: 32.9 | ADX: 22.7
Volume: Weak (DOWN)========================================
2025-06-04 17:31:30,732 - INFO - ========================================
MARKET CONDITION: NEUTRAL
BTC Price: $104954.50
EMAs: 10=105217.49 | 20=105324.51
RSI: 34.9 | ADX: 22.7
Volume: Weak (DOWN)========================================
2025-06-04 17:32:36,942 - INFO - ========================================
MARKET CONDITION: NEUTRAL
BTC Price: $104898.80
EMAs: 10=105207.36 | 20=105319.21
RSI: 32.6 | ADX: 22.7
Volume: Weak (DOWN)========================================
2025-06-04 17:33:43,370 - INFO - ========================================
MARKET CONDITION: NEUTRAL
BTC Price: $104796.80
EMAs: 10=105188.82 | 20=105309.49
RSI: 30.4 | ADX: 23.3
Volume: Weak (DOWN)========================================
2025-06-04 17:34:49,798 - INFO - ========================================
MARKET CONDITION: NEUTRAL
BTC Price: $104927.60
EMAs: 10=105212.60 | 20=105321.95
RSI: 33.7 | ADX: 23.3
Volume: Weak (DOWN)========================================
2025-06-04 17:35:56,194 - INFO - ========================================
MARKET CONDITION: NEUTRAL
BTC Price: $104896.30
EMAs: 10=105206.91 | 20=105318.97
RSI: 32.5 | ADX: 23.3
Volume: Strong (UP)========================================
2025-06-04 17:37:02,639 - INFO - ========================================
MARKET CONDITION: NEUTRAL
BTC Price: $104840.70
EMAs: 10=105196.80 | 20=105313.67
RSI: 31.3 | ADX: 23.3
Volume: Strong (UP)========================================
2025-06-04 17:38:09,246 - INFO - ========================================
MARKET CONDITION: NEUTRAL
BTC Price: $104933.80
EMAs: 10=105213.73 | 20=105322.54
RSI: 34.0 | ADX: 23.3
Volume: Strong (UP)========================================
2025-06-04 17:39:15,634 - INFO - ========================================
MARKET CONDITION: NEUTRAL
BTC Price: $104926.00
EMAs: 10=105212.31 | 20=105321.80
RSI: 33.6 | ADX: 23.3
Volume: Strong (UP)========================================
2025-06-04 17:40:22,913 - INFO - ========================================
MARKET CONDITION: NEUTRAL
BTC Price: $104887.00
EMAs: 10=105205.22 | 20=105318.08
RSI: 32.3 | ADX: 23.3
Volume: Strong (UP)========================================
2025-06-04 17:41:30,153 - INFO - ========================================
MARKET CONDITION: NEUTRAL
BTC Price: $104927.50
EMAs: 10=105212.58 | 20=105321.94
RSI: 33.7 | ADX: 23.3
Volume: Strong (UP)========================================
2025-06-04 17:42:36,374 - INFO - ========================================
MARKET CONDITION: NEUTRAL
BTC Price: $104936.80
EMAs: 10=105214.27 | 20=105322.82
RSI: 34.1 | ADX: 23.3
Volume: Strong (UP)========================================
2025-06-04 17:43:42,595 - INFO - ========================================
MARKET CONDITION: NEUTRAL
BTC Price: $104930.80
EMAs: 10=105213.18 | 20=105322.25
RSI: 33.8 | ADX: 23.3
Volume: Strong (UP)========================================
2025-06-04 17:44:49,068 - INFO - ========================================
MARKET CONDITION: NEUTRAL
BTC Price: $104924.10
EMAs: 10=105211.96 | 20=105321.61
RSI: 33.5 | ADX: 23.3
Volume: Strong (UP)========================================
2025-06-04 17:45:56,002 - INFO - ========================================
MARKET CONDITION: NEUTRAL
BTC Price: $104935.50
EMAs: 10=105160.40 | 20=105284.10
RSI: 34.1 | ADX: 24.0
Volume: Weak (DOWN)========================================
2025-06-04 17:47:02,837 - INFO - ========================================
MARKET CONDITION: NEUTRAL
BTC Price: $104916.40
EMAs: 10=105156.93 | 20=105282.28
RSI: 33.1 | ADX: 23.9
Volume: Weak (DOWN)========================================
2025-06-04 17:48:09,291 - INFO - ========================================
MARKET CONDITION: NEUTRAL
BTC Price: $104933.70
EMAs: 10=105160.07 | 20=105283.93
RSI: 34.0 | ADX: 23.9
Volume: Weak (DOWN)========================================
2025-06-04 17:49:15,766 - INFO - ========================================
MARKET CONDITION: NEUTRAL
BTC Price: $104948.50
EMAs: 10=105162.77 | 20=105285.34
RSI: 34.8 | ADX: 23.9
Volume: Weak (DOWN)========================================
2025-06-04 17:50:22,670 - INFO - ========================================
MARKET CONDITION: NEUTRAL
BTC Price: $104940.80
EMAs: 10=105161.37 | 20=105284.61
RSI: 34.4 | ADX: 23.9
Volume: Weak (DOWN)========================================
2025-06-04 17:51:29,332 - INFO - ========================================
MARKET CONDITION: NEUTRAL
BTC Price: $104916.70
EMAs: 10=105156.98 | 20=105282.31
RSI: 33.2 | ADX: 23.9
Volume: Weak (DOWN)========================================
2025-06-04 17:52:37,680 - INFO - ========================================
MARKET CONDITION: NEUTRAL
BTC Price: $104969.20
EMAs: 10=105166.53 | 20=105287.31
RSI: 35.8 | ADX: 23.9
Volume: Weak (DOWN)========================================
2025-06-04 17:53:45,403 - INFO - ========================================
MARKET CONDITION: NEUTRAL
BTC Price: $105000.30
EMAs: 10=105172.18 | 20=105290.27
RSI: 37.2 | ADX: 23.7
Volume: Weak (DOWN)========================================
2025-06-04 17:54:53,041 - INFO - ========================================
MARKET CONDITION: NEUTRAL
BTC Price: $104992.50
EMAs: 10=105170.77 | 20=105289.53
RSI: 36.9 | ADX: 23.7
Volume: Weak (DOWN)========================================
2025-06-04 17:56:02,040 - INFO - ========================================
MARKET CONDITION: NEUTRAL
BTC Price: $105000.00
EMAs: 10=105172.13 | 20=105290.25
RSI: 37.2 | ADX: 23.6
Volume: Weak (DOWN)========================================
2025-06-04 17:57:10,281 - INFO - ========================================
MARKET CONDITION: NEUTRAL
BTC Price: $105002.00
EMAs: 10=105172.49 | 20=105290.44
RSI: 37.3 | ADX: 23.5
Volume: Weak (DOWN)========================================
2025-06-04 17:58:17,194 - INFO - ========================================
MARKET CONDITION: NEUTRAL
BTC Price: $105007.50
EMAs: 10=105173.49 | 20=105290.96
RSI: 37.5 | ADX: 23.5
Volume: Weak (DOWN)========================================
2025-06-04 18:00:45,221 - INFO - ========================================
MARKET CONDITION: NEUTRAL
BTC Price: $104945.10
EMAs: 10=105129.08 | 20=105256.36
RSI: 35.5 | ADX: 23.8
Volume: Weak (DOWN)========================================
2025-06-04 18:01:55,369 - INFO - ========================================
MARKET CONDITION: NEUTRAL
BTC Price: $104978.80
EMAs: 10=105135.21 | 20=105259.57
RSI: 36.4 | ADX: 23.8
Volume: Weak (DOWN)========================================
2025-06-04 18:03:02,157 - INFO - ========================================
MARKET CONDITION: NEUTRAL
BTC Price: $104925.50
EMAs: 10=105125.52 | 20=105254.49
RSI: 34.9 | ADX: 23.8
Volume: Weak (DOWN)========================================
2025-06-04 18:04:08,233 - INFO - ========================================
MARKET CONDITION: NEUTRAL
BTC Price: $104923.80
EMAs: 10=105125.21 | 20=105254.33
RSI: 34.9 | ADX: 23.8
Volume: Weak (DOWN)========================================
2025-06-04 18:05:14,672 - INFO - ========================================
MARKET CONDITION: NEUTRAL
BTC Price: $104954.00
EMAs: 10=105130.70 | 20=105257.21
RSI: 35.7 | ADX: 23.8
Volume: Weak (DOWN)========================================
2025-06-04 18:06:21,120 - INFO - ========================================
MARKET CONDITION: NEUTRAL
BTC Price: $104976.90
EMAs: 10=105134.86 | 20=105259.39
RSI: 36.3 | ADX: 23.8
Volume: Weak (DOWN)========================================
2025-06-04 18:07:27,509 - INFO - ========================================
MARKET CONDITION: NEUTRAL
BTC Price: $104936.80
EMAs: 10=105127.57 | 20=105255.57
RSI: 35.2 | ADX: 23.8
Volume: Weak (DOWN)========================================
2025-06-04 18:08:34,667 - INFO - ========================================
MARKET CONDITION: NEUTRAL
BTC Price: $104906.00
EMAs: 10=105121.97 | 20=105252.63
RSI: 34.4 | ADX: 23.8
Volume: Weak (DOWN)========================================
2025-06-04 18:09:41,003 - INFO - ========================================
MARKET CONDITION: NEUTRAL
BTC Price: $104908.30
EMAs: 10=105122.39 | 20=105252.85
RSI: 34.5 | ADX: 24.0
Volume: Weak (DOWN)========================================
2025-06-04 18:10:47,432 - INFO - ========================================
MARKET CONDITION: NEUTRAL
BTC Price: $104900.10
EMAs: 10=105120.90 | 20=105252.07
RSI: 34.3 | ADX: 24.0
Volume: Weak (DOWN)========================================
2025-06-04 18:11:53,716 - INFO - ========================================
MARKET CONDITION: NEUTRAL
BTC Price: $104888.40
EMAs: 10=105118.77 | 20=105250.96
RSI: 34.0 | ADX: 24.0
Volume: Weak (DOWN)========================================
2025-06-04 18:13:00,093 - INFO - ========================================
MARKET CONDITION: NEUTRAL
BTC Price: $104900.10
EMAs: 10=105120.90 | 20=105252.07
RSI: 34.3 | ADX: 24.0
Volume: Weak (DOWN)========================================
2025-06-04 18:14:06,639 - INFO - ========================================
MARKET CONDITION: NEUTRAL
BTC Price: $104894.50
EMAs: 10=105119.88 | 20=105251.54
RSI: 34.1 | ADX: 24.0
Volume: Weak (DOWN)========================================
2025-06-04 18:15:13,019 - INFO - ========================================
MARKET CONDITION: NEUTRAL
BTC Price: $104863.70
EMAs: 10=105068.47 | 20=105211.81
RSI: 33.4 | ADX: 24.4
Volume: Weak (DOWN)========================================
2025-06-04 18:16:19,095 - INFO - ========================================
MARKET CONDITION: NEUTRAL
BTC Price: $104897.20
EMAs: 10=105074.56 | 20=105215.00
RSI: 35.1 | ADX: 24.5
Volume: Weak (DOWN)========================================
2025-06-04 18:17:25,542 - INFO - ========================================
MARKET CONDITION: NEUTRAL
BTC Price: $104904.40
EMAs: 10=105075.87 | 20=105215.69
RSI: 35.5 | ADX: 24.5
Volume: Weak (DOWN)========================================
2025-06-04 18:18:32,012 - INFO - ========================================
MARKET CONDITION: NEUTRAL
BTC Price: $104890.20
EMAs: 10=105073.29 | 20=105214.33
RSI: 34.8 | ADX: 24.5
Volume: Weak (DOWN)========================================
2025-06-04 18:19:38,366 - INFO - ========================================
MARKET CONDITION: NEUTRAL
BTC Price: $104885.40
EMAs: 10=105072.41 | 20=105213.88
RSI: 34.5 | ADX: 24.5
Volume: Weak (DOWN)========================================
2025-06-04 18:20:44,649 - INFO - ========================================
MARKET CONDITION: NEUTRAL
BTC Price: $105032.40
EMAs: 10=105099.14 | 20=105227.88
RSI: 41.1 | ADX: 24.0
Volume: Weak (DOWN)========================================
2025-06-04 18:21:51,044 - INFO - ========================================
MARKET CONDITION: NEUTRAL
BTC Price: $105080.60
EMAs: 10=105107.90 | 20=105232.47
RSI: 43.0 | ADX: 23.7
Volume: Weak (DOWN)========================================
2025-06-04 18:22:57,413 - INFO - ========================================
MARKET CONDITION: NEUTRAL
BTC Price: $105079.40
EMAs: 10=105107.69 | 20=105232.35
RSI: 42.9 | ADX: 23.7
Volume: Weak (DOWN)========================================
2025-06-04 18:24:03,731 - INFO - ========================================
MARKET CONDITION: NEUTRAL
BTC Price: $105072.80
EMAs: 10=105106.49 | 20=105231.72
RSI: 42.7 | ADX: 23.3
Volume: Weak (DOWN)========================================
2025-06-04 18:25:10,045 - INFO - ========================================
MARKET CONDITION: NEUTRAL
BTC Price: $105071.10
EMAs: 10=105106.18 | 20=105231.56
RSI: 42.6 | ADX: 23.3
Volume: Weak (DOWN)========================================
2025-06-04 18:26:16,298 - INFO - ========================================
MARKET CONDITION: NEUTRAL
BTC Price: $105031.80
EMAs: 10=105099.03 | 20=105227.82
RSI: 41.1 | ADX: 23.3
Volume: Weak (DOWN)========================================
2025-06-04 18:27:22,560 - INFO - ========================================
MARKET CONDITION: NEUTRAL
BTC Price: $105005.40
EMAs: 10=105094.23 | 20=105225.30
RSI: 40.0 | ADX: 23.3
Volume: Weak (DOWN)========================================
2025-06-04 18:28:29,027 - INFO - ========================================
MARKET CONDITION: NEUTRAL
BTC Price: $104945.00
EMAs: 10=105083.25 | 20=105219.55
RSI: 37.4 | ADX: 23.3
Volume: Weak (DOWN)========================================
2025-06-04 18:29:35,354 - INFO - ========================================
MARKET CONDITION: NEUTRAL
BTC Price: $104962.40
EMAs: 10=105086.41 | 20=105221.21
RSI: 38.1 | ADX: 23.3
Volume: Weak (DOWN)========================================
2025-06-04 18:30:42,603 - INFO - ========================================
MARKET CONDITION: NEUTRAL
BTC Price: $104934.80
EMAs: 10=105051.54 | 20=105189.71
RSI: 37.0 | ADX: 22.6
Volume: Weak (DOWN)========================================
2025-06-04 18:31:49,372 - INFO - ========================================
MARKET CONDITION: NEUTRAL
BTC Price: $104976.10
EMAs: 10=105059.05 | 20=105193.65
RSI: 38.9 | ADX: 22.6
Volume: Weak (DOWN)========================================
2025-06-04 18:32:55,693 - INFO - ========================================
MARKET CONDITION: NEUTRAL
BTC Price: $104963.20
EMAs: 10=105056.71 | 20=105192.42
RSI: 38.3 | ADX: 22.6
Volume: Weak (DOWN)========================================
2025-06-04 18:34:02,023 - INFO - ========================================
MARKET CONDITION: NEUTRAL
BTC Price: $105065.20
EMAs: 10=105075.25 | 20=105202.13
RSI: 42.8 | ADX: 22.6
Volume: Weak (DOWN)========================================
2025-06-04 18:35:08,481 - INFO - ========================================
MARKET CONDITION: NEUTRAL
BTC Price: $105120.50
EMAs: 10=105085.31 | 20=105207.40
RSI: 45.0 | ADX: 22.6
Volume: Weak (DOWN)========================================
2025-06-04 18:36:15,055 - INFO - ========================================
MARKET CONDITION: NEUTRAL
BTC Price: $105120.30
EMAs: 10=105085.27 | 20=105207.38
RSI: 45.0 | ADX: 22.6
Volume: Weak (DOWN)========================================
2025-06-04 18:37:22,008 - INFO - ========================================
MARKET CONDITION: NEUTRAL
BTC Price: $105083.60
EMAs: 10=105078.60 | 20=105203.89
RSI: 43.6 | ADX: 22.6
Volume: Weak (DOWN)========================================
2025-06-04 18:38:28,621 - INFO - ========================================
MARKET CONDITION: NEUTRAL
BTC Price: $105130.00
EMAs: 10=105087.03 | 20=105208.31
RSI: 45.3 | ADX: 22.6
Volume: Weak (DOWN)========================================
2025-06-04 18:39:35,752 - INFO - ========================================
MARKET CONDITION: NEUTRAL
BTC Price: $105175.70
EMAs: 10=105095.34 | 20=105212.66
RSI: 47.0 | ADX: 22.3
Volume: Weak (DOWN)========================================
2025-06-04 18:40:42,446 - INFO - ========================================
MARKET CONDITION: NEUTRAL
BTC Price: $105109.50
EMAs: 10=105083.31 | 20=105206.35
RSI: 44.6 | ADX: 22.3
Volume: Weak (DOWN)========================================
2025-06-04 18:41:48,885 - INFO - ========================================
MARKET CONDITION: NEUTRAL
BTC Price: $105169.80
EMAs: 10=105094.27 | 20=105212.10
RSI: 46.8 | ADX: 22.3
Volume: Weak (DOWN)========================================
2025-06-04 18:42:55,188 - INFO - ========================================
MARKET CONDITION: NEUTRAL
BTC Price: $105156.10
EMAs: 10=105091.78 | 20=105210.79
RSI: 46.3 | ADX: 22.1
Volume: Weak (DOWN)========================================
2025-06-04 18:44:01,616 - INFO - ========================================
MARKET CONDITION: NEUTRAL
BTC Price: $105000.20
EMAs: 10=105063.43 | 20=105195.94
RSI: 40.0 | ADX: 22.1
Volume: Weak (DOWN)========================================
2025-06-04 18:45:08,098 - INFO - ========================================
MARKET CONDITION: NEUTRAL
BTC Price: $104970.00
EMAs: 10=105040.14 | 20=105170.78
RSI: 38.7 | ADX: 21.1
Volume: Weak (DOWN)========================================
2025-06-04 18:46:15,351 - INFO - ========================================
MARKET CONDITION: NEUTRAL
BTC Price: $105072.60
EMAs: 10=105058.79 | 20=105180.56
RSI: 43.5 | ADX: 21.1
Volume: Weak (DOWN)========================================
2025-06-04 18:47:23,883 - INFO - ========================================
MARKET CONDITION: NEUTRAL
BTC Price: $105092.50
EMAs: 10=105062.41 | 20=105182.45
RSI: 44.3 | ADX: 21.1
Volume: Weak (DOWN)========================================
2025-06-04 18:48:30,820 - INFO - ========================================
MARKET CONDITION: NEUTRAL
BTC Price: $105088.50
EMAs: 10=105061.68 | 20=105182.07
RSI: 44.1 | ADX: 21.1
Volume: Weak (DOWN)========================================
2025-06-04 18:49:37,068 - INFO - ========================================
MARKET CONDITION: NEUTRAL
BTC Price: $105029.60
EMAs: 10=105050.97 | 20=105176.46
RSI: 41.6 | ADX: 21.1
Volume: Weak (DOWN)========================================
2025-06-04 18:50:43,360 - INFO - ========================================
MARKET CONDITION: NEUTRAL
BTC Price: $104973.50
EMAs: 10=105040.77 | 20=105171.12
RSI: 38.9 | ADX: 21.1
Volume: Weak (DOWN)========================================
2025-06-04 18:51:50,146 - INFO - ========================================
MARKET CONDITION: NEUTRAL
BTC Price: $104891.60
EMAs: 10=105025.88 | 20=105163.32
RSI: 36.1 | ADX: 21.1
Volume: Weak (DOWN)========================================
2025-06-04 18:52:57,034 - INFO - ========================================
MARKET CONDITION: NEUTRAL
BTC Price: $104782.20
EMAs: 10=105005.99 | 20=105152.90
RSI: 33.2 | ADX: 21.8
Volume: Weak (DOWN)========================================
2025-06-04 18:54:04,062 - INFO - ========================================
MARKET CONDITION: NEUTRAL
BTC Price: $104783.50
EMAs: 10=105006.23 | 20=105153.02
RSI: 33.3 | ADX: 21.8
Volume: Weak (DOWN)========================================
2025-06-04 18:55:12,135 - INFO - ========================================
MARKET CONDITION: NEUTRAL
BTC Price: $104716.50
EMAs: 10=104994.05 | 20=105146.64
RSI: 31.7 | ADX: 22.0
Volume: Strong (UP)========================================
2025-06-04 18:56:19,132 - INFO - ========================================
MARKET CONDITION: NEUTRAL
BTC Price: $104738.40
EMAs: 10=104998.03 | 20=105148.73
RSI: 32.2 | ADX: 22.0
Volume: Strong (UP)========================================
2025-06-04 18:57:27,679 - INFO - ========================================
MARKET CONDITION: NEUTRAL
BTC Price: $104682.40
EMAs: 10=104987.85 | 20=105143.39
RSI: 31.0 | ADX: 22.2
Volume: Strong (UP)========================================
2025-06-04 18:58:34,248 - INFO - ========================================
MARKET CONDITION: NEUTRAL
BTC Price: $104735.10
EMAs: 10=104997.43 | 20=105148.41
RSI: 32.1 | ADX: 22.2
Volume: Strong (UP)========================================
2025-06-04 18:59:42,468 - INFO - ========================================
MARKET CONDITION: NEUTRAL
BTC Price: $104691.60
EMAs: 10=104989.52 | 20=105144.27
RSI: 31.2 | ADX: 22.2
Volume: Strong (UP)========================================
2025-06-04 19:02:07,112 - INFO - ========================================
MARKET CONDITION: NEUTRAL
BTC Price: $104595.90
EMAs: 10=104919.59 | 20=105093.01
RSI: 29.1 | ADX: 23.2
Volume: Strong (UP)========================================
2025-06-04 19:03:11,958 - INFO - ========================================
MARKET CONDITION: NEUTRAL
BTC Price: $104586.30
EMAs: 10=104917.84 | 20=105092.09
RSI: 28.9 | ADX: 23.2
Volume: Strong (UP)========================================
2025-06-04 19:03:46,897 - INFO - ========================================
MARKET CONDITION: NEUTRAL
BTC Price: $104450.00
EMAs: 10=104893.06 | 20=105079.11
RSI: 26.5 | ADX: 23.2
Volume: Strong (UP)
========================================
2025-06-04 19:04:51,579 - INFO - ========================================
MARKET CONDITION: NEUTRAL
BTC Price: $104360.50
EMAs: 10=104876.79 | 20=105070.59
RSI: 25.1 | ADX: 23.2
Volume: Strong (UP)
========================================
2025-06-04 19:05:56,524 - INFO - ========================================
MARKET CONDITION: NEUTRAL
BTC Price: $104330.10
EMAs: 10=104871.26 | 20=105067.69
RSI: 24.6 | ADX: 23.3
Volume: Strong (UP)
========================================
2025-06-04 19:07:01,643 - INFO - ========================================
MARKET CONDITION: NEUTRAL
BTC Price: $104211.40
EMAs: 10=104849.68 | 20=105056.39
RSI: 23.1 | ADX: 23.8
Volume: Strong (UP)
========================================
2025-06-04 19:08:07,030 - INFO - ========================================
MARKET CONDITION: NEUTRAL
BTC Price: $104236.90
EMAs: 10=104854.32 | 20=105058.82
RSI: 23.4 | ADX: 23.8
Volume: Strong (UP)
========================================
2025-06-04 19:09:12,420 - INFO - ========================================
MARKET CONDITION: NEUTRAL
BTC Price: $104210.10
EMAs: 10=104849.44 | 20=105056.27
RSI: 23.0 | ADX: 23.8
Volume: Strong (UP)
========================================
2025-06-04 19:10:17,982 - INFO - ========================================
MARKET CONDITION: NEUTRAL
BTC Price: $104300.10
EMAs: 10=104865.81 | 20=105064.84
RSI: 24.2 | ADX: 23.8
Volume: Strong (UP)
========================================
2025-06-04 19:11:23,600 - INFO - ========================================
MARKET CONDITION: NEUTRAL
BTC Price: $104392.10
EMAs: 10=104882.53 | 20=105073.60
RSI: 25.6 | ADX: 23.8
Volume: Strong (UP)
========================================
2025-06-04 19:12:29,785 - INFO - ========================================
MARKET CONDITION: NEUTRAL
BTC Price: $104428.30
EMAs: 10=104889.12 | 20=105077.05
RSI: 26.1 | ADX: 23.8
Volume: Strong (UP)
========================================
2025-06-04 19:13:35,883 - INFO - ========================================
MARKET CONDITION: NEUTRAL
BTC Price: $104373.20
EMAs: 10=104879.10 | 20=105071.80
RSI: 25.3 | ADX: 23.8
Volume: Strong (UP)
========================================
2025-06-04 19:14:41,236 - INFO - ========================================
MARKET CONDITION: NEUTRAL
BTC Price: $104444.00
EMAs: 10=104891.97 | 20=105078.54
RSI: 26.4 | ADX: 23.8
Volume: Strong (UP)
========================================
2025-06-04 19:15:46,619 - INFO - ========================================
MARKET CONDITION: NEUTRAL
BTC Price: $104479.70
EMAs: 10=104817.88 | 20=105022.02
RSI: 27.9 | ADX: 25.2
Volume: Weak (DOWN)
========================================
2025-06-04 19:16:51,949 - INFO - ========================================
MARKET CONDITION: NEUTRAL
BTC Price: $104598.00
EMAs: 10=104839.38 | 20=105033.29
RSI: 33.1 | ADX: 25.2
Volume: Weak (DOWN)
========================================
2025-06-04 19:17:57,248 - INFO - ========================================
MARKET CONDITION: NEUTRAL
BTC Price: $104625.90
EMAs: 10=104844.46 | 20=105035.95
RSI: 34.2 | ADX: 25.2
Volume: Weak (DOWN)
========================================
2025-06-04 19:19:02,683 - INFO - ========================================
MARKET CONDITION: NEUTRAL
BTC Price: $104584.80
EMAs: 10=104836.98 | 20=105032.03
RSI: 32.6 | ADX: 25.2
Volume: Weak (DOWN)
========================================
2025-06-04 19:20:08,120 - INFO - ========================================
MARKET CONDITION: NEUTRAL
BTC Price: $104587.00
EMAs: 10=104837.38 | 20=105032.24
RSI: 32.7 | ADX: 25.2
Volume: Weak (DOWN)
========================================
2025-06-04 19:21:13,479 - INFO - ========================================
MARKET CONDITION: NEUTRAL
BTC Price: $104491.50
EMAs: 10=104820.02 | 20=105023.15
RSI: 28.5 | ADX: 25.2
Volume: Weak (DOWN)
========================================
2025-06-04 19:22:18,830 - INFO - ========================================
MARKET CONDITION: NEUTRAL
BTC Price: $104546.00
EMAs: 10=104829.93 | 20=105028.34
RSI: 30.9 | ADX: 25.2
Volume: Weak (DOWN)
========================================
2025-06-04 19:23:24,456 - INFO - ========================================
MARKET CONDITION: NEUTRAL
BTC Price: $104581.40
EMAs: 10=104836.37 | 20=105031.71
RSI: 32.4 | ADX: 25.2
Volume: Weak (DOWN)
========================================
2025-06-04 19:24:29,859 - INFO - ========================================
MARKET CONDITION: NEUTRAL
BTC Price: $104587.60
EMAs: 10=104837.49 | 20=105032.30
RSI: 32.7 | ADX: 25.2
Volume: Weak (DOWN)
========================================
2025-06-04 19:25:35,178 - INFO - ========================================
MARKET CONDITION: NEUTRAL
BTC Price: $104581.30
EMAs: 10=104836.35 | 20=105031.70
RSI: 32.4 | ADX: 25.2
Volume: Strong (UP)
========================================
2025-06-04 19:26:40,602 - INFO - ========================================
MARKET CONDITION: NEUTRAL
BTC Price: $104607.70
EMAs: 10=104841.15 | 20=105034.21
RSI: 33.5 | ADX: 25.2
Volume: Strong (UP)
========================================
2025-06-04 19:27:45,977 - INFO - ========================================
MARKET CONDITION: NEUTRAL
BTC Price: $104600.10
EMAs: 10=104839.77 | 20=105033.49
RSI: 33.2 | ADX: 25.2
Volume: Strong (UP)
========================================
2025-06-04 19:28:51,379 - INFO - ========================================
MARKET CONDITION: NEUTRAL
BTC Price: $104598.10
EMAs: 10=104839.40 | 20=105033.30
RSI: 33.1 | ADX: 25.2
Volume: Strong (UP)
========================================
2025-06-04 19:29:56,767 - INFO - ========================================
MARKET CONDITION: NEUTRAL
BTC Price: $104604.60
EMAs: 10=104840.58 | 20=105033.92
RSI: 33.4 | ADX: 25.2
Volume: Strong (UP)
========================================
2025-06-04 19:31:02,128 - INFO - ========================================
MARKET CONDITION: NEUTRAL
BTC Price: $104638.60
EMAs: 10=104805.56 | 20=104997.26
RSI: 34.8 | ADX: 26.6
Volume: Weak (DOWN)
========================================
2025-06-04 19:32:07,516 - INFO - ========================================
MARKET CONDITION: NEUTRAL
BTC Price: $104625.10
EMAs: 10=104803.10 | 20=104995.97
RSI: 34.2 | ADX: 26.3
Volume: Weak (DOWN)
========================================
2025-06-04 19:33:13,013 - INFO - ========================================
MARKET CONDITION: NEUTRAL
BTC Price: $104699.70
EMAs: 10=104816.67 | 20=105003.08
RSI: 37.3 | ADX: 26.2
Volume: Weak (DOWN)
========================================
2025-06-04 19:34:18,674 - INFO - ========================================
MARKET CONDITION: NEUTRAL
BTC Price: $104723.30
EMAs: 10=104820.96 | 20=105005.33
RSI: 38.1 | ADX: 26.1
Volume: Weak (DOWN)
========================================
2025-06-04 19:35:25,920 - INFO - ========================================
MARKET CONDITION: NEUTRAL
BTC Price: $104592.00
EMAs: 10=104797.08 | 20=104992.82
RSI: 33.3 | ADX: 26.1
Volume: Weak (DOWN)
========================================
2025-06-04 19:36:36,396 - INFO - ========================================
MARKET CONDITION: NEUTRAL
BTC Price: $104539.50
EMAs: 10=104787.54 | 20=104987.82
RSI: 32.2 | ADX: 26.1
Volume: Weak (DOWN)
========================================
2025-06-04 19:37:48,226 - INFO - ========================================
MARKET CONDITION: NEUTRAL
BTC Price: $104599.90
EMAs: 10=104798.52 | 20=104993.57
RSI: 33.5 | ADX: 26.1
Volume: Weak (DOWN)
========================================
2025-06-04 19:38:56,160 - INFO - ========================================
MARKET CONDITION: NEUTRAL
BTC Price: $104540.40
EMAs: 10=104787.70 | 20=104987.91
RSI: 32.3 | ADX: 26.1
Volume: Weak (DOWN)
========================================
2025-06-04 19:40:03,359 - INFO - ========================================
MARKET CONDITION: NEUTRAL
BTC Price: $104616.70
EMAs: 10=104801.57 | 20=104995.17
RSI: 33.9 | ADX: 26.1
Volume: Weak (DOWN)
========================================
2025-06-04 19:41:10,885 - INFO - ========================================
MARKET CONDITION: NEUTRAL
BTC Price: $104687.30
EMAs: 10=104814.41 | 20=105001.90
RSI: 36.8 | ADX: 26.1
Volume: Weak (DOWN)
========================================
2025-06-04 19:42:18,831 - INFO - ========================================
MARKET CONDITION: NEUTRAL
BTC Price: $104656.00
EMAs: 10=104808.72 | 20=104998.92
RSI: 35.5 | ADX: 26.1
Volume: Weak (DOWN)
========================================
2025-06-04 19:43:26,781 - INFO - ========================================
MARKET CONDITION: NEUTRAL
BTC Price: $104630.30
EMAs: 10=104804.05 | 20=104996.47
RSI: 34.4 | ADX: 26.1
Volume: Weak (DOWN)
========================================
2025-06-04 19:44:33,678 - INFO - ========================================
MARKET CONDITION: NEUTRAL
BTC Price: $104667.40
EMAs: 10=104810.79 | 20=105000.00
RSI: 36.0 | ADX: 26.1
Volume: Weak (DOWN)
========================================
2025-06-04 19:45:40,860 - INFO - ========================================
MARKET CONDITION: NEUTRAL
BTC Price: $104674.80
EMAs: 10=104788.39 | 20=104970.39
RSI: 36.4 | ADX: 26.8
Volume: Weak (DOWN)
========================================
2025-06-04 19:46:47,828 - INFO - ========================================
MARKET CONDITION: NEUTRAL
BTC Price: $104631.10
EMAs: 10=104780.44 | 20=104966.23
RSI: 35.4 | ADX: 26.8
Volume: Weak (DOWN)
========================================
2025-06-04 19:47:54,791 - INFO - ========================================
MARKET CONDITION: NEUTRAL
BTC Price: $104734.30
EMAs: 10=104799.21 | 20=104976.05
RSI: 38.7 | ADX: 26.7
Volume: Weak (DOWN)
========================================
2025-06-04 19:49:01,740 - INFO - ========================================
MARKET CONDITION: NEUTRAL
BTC Price: $104817.00
EMAs: 10=104814.24 | 20=104983.93
RSI: 41.8 | ADX: 26.2
Volume: Weak (DOWN)
========================================
2025-06-04 19:50:08,759 - INFO - ========================================
MARKET CONDITION: NEUTRAL
BTC Price: $104730.00
EMAs: 10=104798.42 | 20=104975.64
RSI: 38.5 | ADX: 26.1
Volume: Weak (DOWN)
========================================
2025-06-04 19:51:16,761 - INFO - ========================================
MARKET CONDITION: NEUTRAL
BTC Price: $104711.00
EMAs: 10=104794.97 | 20=104973.83
RSI: 37.8 | ADX: 26.1
Volume: Weak (DOWN)
========================================
2025-06-04 19:52:25,437 - INFO - ========================================
MARKET CONDITION: NEUTRAL
BTC Price: $104746.10
EMAs: 10=104801.35 | 20=104977.18
RSI: 39.2 | ADX: 26.1
Volume: Weak (DOWN)
========================================
2025-06-04 19:53:32,568 - INFO - ========================================
MARKET CONDITION: NEUTRAL
BTC Price: $104769.00
EMAs: 10=104805.51 | 20=104979.36
RSI: 40.1 | ADX: 26.1
Volume: Weak (DOWN)
========================================
2025-06-04 19:54:39,511 - INFO - ========================================
MARKET CONDITION: NEUTRAL
BTC Price: $104807.50
EMAs: 10=104812.51 | 20=104983.03
RSI: 41.5 | ADX: 26.1
Volume: Weak (DOWN)
========================================
2025-06-04 19:55:46,543 - INFO - ========================================
MARKET CONDITION: NEUTRAL
BTC Price: $104847.40
EMAs: 10=104819.77 | 20=104986.83
RSI: 42.9 | ADX: 26.1
Volume: Weak (DOWN)
========================================
2025-06-04 19:56:54,504 - INFO - ========================================
MARKET CONDITION: NEUTRAL
BTC Price: $104884.10
EMAs: 10=104826.44 | 20=104990.32
RSI: 44.1 | ADX: 26.0
Volume: Weak (DOWN)
========================================
2025-06-04 19:58:01,983 - INFO - ========================================
MARKET CONDITION: NEUTRAL
BTC Price: $104896.40
EMAs: 10=104828.68 | 20=104991.49
RSI: 44.5 | ADX: 25.9
Volume: Weak (DOWN)
========================================
2025-06-04 19:59:10,026 - INFO - ========================================
MARKET CONDITION: NEUTRAL
BTC Price: $104969.20
EMAs: 10=104841.91 | 20=104998.43
RSI: 46.8 | ADX: 25.5
Volume: Weak (DOWN)
========================================
2025-06-04 20:00:17,571 - INFO - ========================================
MARKET CONDITION: NEUTRAL
BTC Price: $104954.00
EMAs: 10=104862.25 | 20=104994.18
RSI: 46.4 | ADX: 25.0
Volume: Weak (DOWN)
========================================
2025-06-04 20:01:24,659 - INFO - ========================================
MARKET CONDITION: NEUTRAL
BTC Price: $104969.00
EMAs: 10=104864.98 | 20=104995.61
RSI: 46.8 | ADX: 24.9
Volume: Weak (DOWN)
========================================
2025-06-04 20:02:33,153 - INFO - ========================================
MARKET CONDITION: NEUTRAL
BTC Price: $104944.90
EMAs: 10=104860.59 | 20=104993.32
RSI: 46.1 | ADX: 24.9
Volume: Weak (DOWN)
========================================
2025-06-04 20:03:40,385 - INFO - ========================================
MARKET CONDITION: NEUTRAL
BTC Price: $104952.50
EMAs: 10=104861.98 | 20=104994.04
RSI: 46.3 | ADX: 24.9
Volume: Weak (DOWN)
========================================
2025-06-04 20:04:47,608 - INFO - ========================================
MARKET CONDITION: NEUTRAL
BTC Price: $104950.00
EMAs: 10=104861.52 | 20=104993.80
RSI: 46.3 | ADX: 24.9
Volume: Weak (DOWN)
========================================
2025-06-04 20:05:54,603 - INFO - ========================================
MARKET CONDITION: NEUTRAL
BTC Price: $104924.30
EMAs: 10=104856.85 | 20=104991.36
RSI: 45.6 | ADX: 24.9
Volume: Weak (DOWN)
========================================
2025-06-04 20:07:01,597 - INFO - ========================================
MARKET CONDITION: NEUTRAL
BTC Price: $105071.80
EMAs: 10=104883.67 | 20=105005.40
RSI: 49.9 | ADX: 24.4
Volume: Weak (DOWN)
========================================
2025-06-04 20:08:08,306 - INFO - ========================================
MARKET CONDITION: NEUTRAL
BTC Price: $105061.90
EMAs: 10=104881.87 | 20=105004.46
RSI: 49.6 | ADX: 24.3
Volume: Weak (DOWN)
========================================
2025-06-04 20:09:15,212 - INFO - ========================================
MARKET CONDITION: NEUTRAL
BTC Price: $105015.70
EMAs: 10=104873.47 | 20=105000.06
RSI: 48.2 | ADX: 24.3
Volume: Weak (DOWN)
========================================
2025-06-04 20:10:22,164 - INFO - ========================================
MARKET CONDITION: NEUTRAL
BTC Price: $105014.10
EMAs: 10=104873.18 | 20=104999.91
RSI: 48.2 | ADX: 24.3
Volume: Weak (DOWN)
========================================
2025-06-04 20:11:29,071 - INFO - ========================================
MARKET CONDITION: NEUTRAL
BTC Price: $105031.10
EMAs: 10=104876.27 | 20=105001.53
RSI: 48.7 | ADX: 24.3
Volume: Weak (DOWN)
========================================
2025-06-04 20:12:35,860 - INFO - ========================================
MARKET CONDITION: NEUTRAL
BTC Price: $105050.20
EMAs: 10=104879.74 | 20=105003.35
RSI: 49.3 | ADX: 24.3
Volume: Weak (DOWN)
========================================
2025-06-04 20:13:42,718 - INFO - ========================================
MARKET CONDITION: NEUTRAL
BTC Price: $105049.00
EMAs: 10=104879.52 | 20=105003.23
RSI: 49.2 | ADX: 24.3
Volume: Weak (DOWN)
========================================
2025-06-04 20:14:50,109 - INFO - ========================================
MARKET CONDITION: NEUTRAL
BTC Price: $105024.00
EMAs: 10=104874.98 | 20=105000.85
RSI: 48.5 | ADX: 24.3
Volume: Weak (DOWN)
========================================
2025-06-04 20:15:57,214 - INFO - ========================================
MARKET CONDITION: NEUTRAL
BTC Price: $105100.30
EMAs: 10=104917.12 | 20=105011.01
RSI: 50.8 | ADX: 23.4
Volume: Weak (DOWN)
========================================
2025-06-04 20:17:04,306 - INFO - ========================================
MARKET CONDITION: NEUTRAL
BTC Price: $105205.60
EMAs: 10=104936.26 | 20=105021.03
RSI: 53.8 | ADX: 22.9
Volume: Weak (DOWN)
========================================
2025-06-04 20:18:11,284 - INFO - ========================================
MARKET CONDITION: NEUTRAL
BTC Price: $105201.30
EMAs: 10=104935.48 | 20=105020.63
RSI: 53.7 | ADX: 22.9
Volume: Weak (DOWN)
========================================
2025-06-04 20:19:19,414 - INFO - ========================================
MARKET CONDITION: NEUTRAL
BTC Price: $105271.00
EMAs: 10=104948.16 | 20=105027.26
RSI: 55.4 | ADX: 22.9
Volume: Weak (DOWN)
========================================
2025-06-04 20:20:26,413 - INFO - ========================================
MARKET CONDITION: NEUTRAL
BTC Price: $105243.00
EMAs: 10=104943.06 | 20=105024.60
RSI: 54.7 | ADX: 22.9
Volume: Weak (DOWN)
========================================
2025-06-04 20:21:33,177 - INFO - ========================================
MARKET CONDITION: NEUTRAL
BTC Price: $105202.30
EMAs: 10=104935.66 | 20=105020.72
RSI: 53.7 | ADX: 22.9
Volume: Weak (DOWN)
========================================
2025-06-04 20:22:40,256 - INFO - ========================================
MARKET CONDITION: NEUTRAL
BTC Price: $105272.10
EMAs: 10=104948.36 | 20=105027.37
RSI: 55.5 | ADX: 22.9
Volume: Weak (DOWN)
========================================
2025-06-04 20:23:46,994 - INFO - ========================================
MARKET CONDITION: NEUTRAL
BTC Price: $105339.20
EMAs: 10=104960.56 | 20=105033.76
RSI: 57.0 | ADX: 23.1
Volume: Weak (DOWN)
========================================
2025-06-04 20:24:53,816 - INFO - ========================================
MARKET CONDITION: NEUTRAL
BTC Price: $105349.00
EMAs: 10=104962.34 | 20=105034.69
RSI: 57.2 | ADX: 23.1
Volume: Weak (DOWN)
========================================
2025-06-04 20:26:00,855 - INFO - ========================================
MARKET CONDITION: NEUTRAL
BTC Price: $105351.50
EMAs: 10=104962.79 | 20=105034.93
RSI: 57.3 | ADX: 23.1
Volume: Strong (UP)
========================================
2025-06-04 20:27:07,764 - INFO - ========================================
MARKET CONDITION: NEUTRAL
BTC Price: $105423.10
EMAs: 10=104975.81 | 20=105041.75
RSI: 58.8 | ADX: 23.2
Volume: Strong (UP)
========================================
2025-06-04 20:28:14,745 - INFO - ========================================
MARKET CONDITION: NEUTRAL
BTC Price: $105385.60
EMAs: 10=104968.99 | 20=105038.18
RSI: 58.1 | ADX: 23.3
Volume: Strong (UP)
========================================
2025-06-04 20:29:21,581 - INFO - ========================================
MARKET CONDITION: NEUTRAL
BTC Price: $105372.00
EMAs: 10=104966.52 | 20=105036.88
RSI: 57.8 | ADX: 23.3
Volume: Strong (UP)
========================================
2025-06-04 20:30:28,429 - INFO - ========================================
MARKET CONDITION: NEUTRAL
BTC Price: $105340.10
EMAs: 10=105032.23 | 20=105064.47
RSI: 56.9 | ADX: 22.3
Volume: Weak (DOWN)
========================================
2025-06-04 20:31:35,488 - INFO - ========================================
MARKET CONDITION: NEUTRAL
BTC Price: $105280.00
EMAs: 10=105021.30 | 20=105058.75
RSI: 55.0 | ADX: 22.3
Volume: Weak (DOWN)
========================================
2025-06-04 20:32:42,357 - INFO - ========================================
MARKET CONDITION: NEUTRAL
BTC Price: $105371.10
EMAs: 10=105037.86 | 20=105067.42
RSI: 57.8 | ADX: 22.3
Volume: Weak (DOWN)
========================================
2025-06-04 20:33:49,351 - INFO - ========================================
MARKET CONDITION: NEUTRAL
BTC Price: $105387.90
EMAs: 10=105040.92 | 20=105069.02
RSI: 58.1 | ADX: 22.3
Volume: Weak (DOWN)
========================================
2025-06-04 20:34:56,140 - INFO - ========================================
MARKET CONDITION: NEUTRAL
BTC Price: $105433.10
EMAs: 10=105049.14 | 20=105073.33
RSI: 59.2 | ADX: 22.3
Volume: Weak (DOWN)
========================================
2025-06-04 20:36:02,672 - INFO - ========================================
MARKET CONDITION: NEUTRAL
BTC Price: $105393.90
EMAs: 10=105042.01 | 20=105069.60
RSI: 58.3 | ADX: 22.5
Volume: Weak (DOWN)
========================================
2025-06-04 20:37:09,559 - INFO - ========================================
MARKET CONDITION: NEUTRAL
BTC Price: $105466.90
EMAs: 10=105055.28 | 20=105076.55
RSI: 59.9 | ADX: 22.5
Volume: Weak (DOWN)
========================================
2025-06-04 20:38:16,430 - INFO - ========================================
MARKET CONDITION: NEUTRAL
BTC Price: $105428.60
EMAs: 10=105048.32 | 20=105072.90
RSI: 59.1 | ADX: 22.5
Volume: Weak (DOWN)
========================================
2025-06-04 20:39:23,417 - INFO - ========================================
MARKET CONDITION: NEUTRAL
BTC Price: $105411.30
EMAs: 10=105045.17 | 20=105071.25
RSI: 58.7 | ADX: 22.5
Volume: Weak (DOWN)
========================================
2025-06-04 20:40:31,172 - INFO - ========================================
MARKET CONDITION: NEUTRAL
BTC Price: $105428.80
EMAs: 10=105048.35 | 20=105072.92
RSI: 59.1 | ADX: 22.5
Volume: Weak (DOWN)
========================================
2025-06-04 20:41:37,996 - INFO - ========================================
MARKET CONDITION: NEUTRAL
BTC Price: $105469.80
EMAs: 10=105055.81 | 20=105076.82
RSI: 60.0 | ADX: 22.5
Volume: Weak (DOWN)
========================================
2025-06-04 20:42:44,853 - INFO - ========================================
MARKET CONDITION: NEUTRAL
BTC Price: $105467.80
EMAs: 10=105055.44 | 20=105076.63
RSI: 59.9 | ADX: 22.5
Volume: Weak (DOWN)
========================================
2025-06-04 20:43:51,611 - INFO - ========================================
MARKET CONDITION: NEUTRAL
BTC Price: $105481.80
EMAs: 10=105057.99 | 20=105077.97
RSI: 60.2 | ADX: 22.5
Volume: Weak (DOWN)
========================================
2025-06-04 20:44:58,572 - INFO - ========================================
MARKET CONDITION: NEUTRAL
BTC Price: $105372.90
EMAs: 10=105038.19 | 20=105067.60
RSI: 57.8 | ADX: 22.5
Volume: Weak (DOWN)
========================================
2025-06-04 20:46:05,321 - INFO - ========================================
MARKET CONDITION: NEUTRAL
BTC Price: $105409.80
EMAs: 10=105107.41 | 20=105101.14
RSI: 58.7 | ADX: 21.7
Volume: Weak (DOWN)
========================================
2025-06-04 20:47:12,147 - INFO - ========================================
MARKET CONDITION: NEUTRAL
BTC Price: $105450.10
EMAs: 10=105114.73 | 20=105104.97
RSI: 59.7 | ADX: 21.7
Volume: Weak (DOWN)
========================================
2025-06-04 20:48:19,038 - INFO - ========================================
MARKET CONDITION: NEUTRAL
BTC Price: $105376.50
EMAs: 10=105101.35 | 20=105097.96
RSI: 57.8 | ADX: 21.7
Volume: Weak (DOWN)
========================================
2025-06-04 20:49:25,937 - INFO - ========================================
MARKET CONDITION: NEUTRAL
BTC Price: $105338.20
EMAs: 10=105094.39 | 20=105094.32
RSI: 56.5 | ADX: 21.7
Volume: Weak (DOWN)
========================================
2025-06-04 20:50:32,914 - INFO - ========================================
MARKET CONDITION: NEUTRAL
BTC Price: $105366.00
EMAs: 10=105099.44 | 20=105096.96
RSI: 57.4 | ADX: 21.7
Volume: Weak (DOWN)
========================================
2025-06-04 20:51:39,947 - INFO - ========================================
MARKET CONDITION: NEUTRAL
BTC Price: $105358.00
EMAs: 10=105097.99 | 20=105096.20
RSI: 57.2 | ADX: 21.7
Volume: Weak (DOWN)
========================================
2025-06-04 20:52:46,931 - INFO - ========================================
MARKET CONDITION: NEUTRAL
BTC Price: $105360.90
EMAs: 10=105098.52 | 20=105096.48
RSI: 57.3 | ADX: 21.7
Volume: Weak (DOWN)
========================================
2025-06-04 20:53:54,030 - INFO - ========================================
MARKET CONDITION: NEUTRAL
BTC Price: $105411.00
EMAs: 10=105107.63 | 20=105101.25
RSI: 58.7 | ADX: 21.7
Volume: Weak (DOWN)
========================================
2025-06-04 20:55:00,981 - INFO - ========================================
MARKET CONDITION: NEUTRAL
BTC Price: $105403.60
EMAs: 10=105106.28 | 20=105100.55
RSI: 58.5 | ADX: 21.7
Volume: Weak (DOWN)
========================================
2025-06-04 20:56:07,878 - INFO - ========================================
MARKET CONDITION: NEUTRAL
BTC Price: $105382.20
EMAs: 10=105102.39 | 20=105098.51
RSI: 58.0 | ADX: 21.7
Volume: Weak (DOWN)
========================================
2025-06-04 20:57:15,102 - INFO - ========================================
MARKET CONDITION: NEUTRAL
BTC Price: $105358.70
EMAs: 10=105098.12 | 20=105096.27
RSI: 57.2 | ADX: 21.7
Volume: Weak (DOWN)
========================================
2025-06-04 20:58:22,005 - INFO - ========================================
MARKET CONDITION: NEUTRAL
BTC Price: $105269.10
EMAs: 10=105081.83 | 20=105087.74
RSI: 54.3 | ADX: 21.7
Volume: Weak (DOWN)
========================================
2025-06-04 20:59:28,902 - INFO - ========================================
MARKET CONDITION: NEUTRAL
BTC Price: $105221.20
EMAs: 10=105073.12 | 20=105083.17
RSI: 52.9 | ADX: 21.4
Volume: Weak (DOWN)
========================================
2025-06-04 20:59:32,886 - ERROR - Signal generation failed for ETHUSDT: 'ema20'
Traceback (most recent call last):
  File "D:\personal\BOT\venv\lib\site-packages\pandas\core\indexes\base.py", line 3802, in get_loc
    return self._engine.get_loc(casted_key)
  File "pandas\_libs\index.pyx", line 138, in pandas._libs.index.IndexEngine.get_loc
  File "pandas\_libs\index.pyx", line 165, in pandas._libs.index.IndexEngine.get_loc
  File "pandas\_libs\hashtable_class_helper.pxi", line 5745, in pandas._libs.hashtable.PyObjectHashTable.get_item
  File "pandas\_libs\hashtable_class_helper.pxi", line 5753, in pandas._libs.hashtable.PyObjectHashTable.get_item
KeyError: 'ema20'

The above exception was the direct cause of the following exception:

Traceback (most recent call last):
  File "D:\personal\BOT\strategy\smc.py", line 444, in get_signal
    if conditions['trend_aligned'] == False and btc_last['close'] > btc_last['ema20']:
  File "D:\personal\BOT\venv\lib\site-packages\pandas\core\series.py", line 981, in __getitem__
    return self._get_value(key)
  File "D:\personal\BOT\venv\lib\site-packages\pandas\core\series.py", line 1089, in _get_value
    loc = self.index.get_loc(label)
  File "D:\personal\BOT\venv\lib\site-packages\pandas\core\indexes\base.py", line 3804, in get_loc
    raise KeyError(key) from err
KeyError: 'ema20'
2025-06-04 21:00:36,927 - INFO - ========================================
MARKET CONDITION: NEUTRAL
BTC Price: $105262.00
EMAs: 10=105112.44 | 20=105103.09
RSI: 54.1 | ADX: 20.4
Volume: Weak (DOWN)
========================================
2025-06-04 21:01:43,659 - INFO - ========================================
MARKET CONDITION: NEUTRAL
BTC Price: $105250.10
EMAs: 10=105110.28 | 20=105101.96
RSI: 53.8 | ADX: 20.4
Volume: Weak (DOWN)
========================================
2025-06-04 21:02:50,504 - INFO - ========================================
MARKET CONDITION: NEUTRAL
BTC Price: $105275.60
EMAs: 10=105114.91 | 20=105104.38
RSI: 54.5 | ADX: 20.4
Volume: Weak (DOWN)
========================================
2025-06-04 21:03:57,463 - INFO - ========================================
MARKET CONDITION: NEUTRAL
BTC Price: $105298.80
EMAs: 10=105119.13 | 20=105106.59
RSI: 55.1 | ADX: 20.4
Volume: Weak (DOWN)
========================================
2025-06-04 21:05:04,186 - INFO - ========================================
MARKET CONDITION: NEUTRAL
BTC Price: $105293.90
EMAs: 10=105118.24 | 20=105106.13
RSI: 55.0 | ADX: 20.4
Volume: Weak (DOWN)
========================================
2025-06-04 21:06:11,155 - INFO - ========================================
MARKET CONDITION: NEUTRAL
BTC Price: $105301.30
EMAs: 10=105119.59 | 20=105106.83
RSI: 55.1 | ADX: 20.4
Volume: Weak (DOWN)
========================================
2025-06-04 21:07:18,294 - INFO - ========================================
MARKET CONDITION: NEUTRAL
BTC Price: $105263.70
EMAs: 10=105112.75 | 20=105103.25
RSI: 54.1 | ADX: 20.4
Volume: Weak (DOWN)
========================================
2025-06-04 21:14:23,456 - ERROR - Market check error: 'adx'
Traceback (most recent call last):
  File "D:\personal\BOT\venv\lib\site-packages\pandas\core\indexes\base.py", line 3802, in get_loc
    return self._engine.get_loc(casted_key)
  File "pandas\_libs\index.pyx", line 138, in pandas._libs.index.IndexEngine.get_loc
  File "pandas\_libs\index.pyx", line 165, in pandas._libs.index.IndexEngine.get_loc
  File "pandas\_libs\hashtable_class_helper.pxi", line 5745, in pandas._libs.hashtable.PyObjectHashTable.get_item
  File "pandas\_libs\hashtable_class_helper.pxi", line 5753, in pandas._libs.hashtable.PyObjectHashTable.get_item
KeyError: 'adx'

The above exception was the direct cause of the following exception:

Traceback (most recent call last):
  File "D:\personal\BOT\strategy\smc.py", line 167, in check_market_condition
    adx_strong = last["adx"] > adx_threshold + 5
  File "D:\personal\BOT\venv\lib\site-packages\pandas\core\series.py", line 981, in __getitem__
    return self._get_value(key)
  File "D:\personal\BOT\venv\lib\site-packages\pandas\core\series.py", line 1089, in _get_value
    loc = self.index.get_loc(label)
  File "D:\personal\BOT\venv\lib\site-packages\pandas\core\indexes\base.py", line 3804, in get_loc
    raise KeyError(key) from err
KeyError: 'adx'
2025-06-05 13:21:38,205 - ERROR - Market condition error: Indicator calculation failed: AlphaTrend calculation failed: 'function' object has no attribute 'true_range'
2025-06-05 13:22:09,211 - ERROR - Market condition error: Indicator calculation failed: AlphaTrend calculation failed: 'function' object has no attribute 'true_range'
2025-06-05 13:34:54,749 - INFO -   ATR% too low: 0.001501 < 0.005
2025-06-05 13:34:55,208 - INFO -   ATR% too low: 0.003025 < 0.005
2025-06-05 13:34:55,648 - INFO -   ATR% too low: 0.003623 < 0.005
2025-06-05 13:34:56,091 - INFO -   ATR% too low: 0.004877 < 0.005
2025-06-05 13:34:56,531 - INFO -   ATR% too low: 0.004716 < 0.005
2025-06-05 13:35:57,463 - INFO -   ATR% too low: 0.001501 < 0.005
2025-06-05 13:35:57,918 - INFO -   ATR% too low: 0.003059 < 0.005
2025-06-05 13:35:58,418 - INFO -   ATR% too low: 0.003653 < 0.005
2025-06-05 13:35:58,928 - INFO -   ATR% too low: 0.004875 < 0.005
2025-06-05 13:35:59,692 - INFO -   ATR% too low: 0.004719 < 0.005
2025-06-05 13:37:00,626 - INFO -   ATR% too low: 0.001504 < 0.005
2025-06-05 13:37:01,222 - INFO -   ATR% too low: 0.003058 < 0.005
2025-06-05 13:37:01,704 - INFO -   ATR% too low: 0.003650 < 0.005
2025-06-05 13:37:02,197 - INFO -   ATR% too low: 0.004946 < 0.005
2025-06-05 13:37:02,718 - INFO -   ATR% too low: 0.004717 < 0.005
2025-06-05 13:38:03,718 - INFO -   ATR% too low: 0.001505 < 0.005
2025-06-05 13:38:04,159 - INFO -   ATR% too low: 0.003186 < 0.005
2025-06-05 13:38:04,622 - INFO -   ATR% too low: 0.003781 < 0.005
2025-06-05 13:38:05,205 - INFO -   ATR% too low: 0.004960 < 0.005
2025-06-05 13:38:06,245 - INFO -   ATR% too low: 0.004737 < 0.005
2025-06-05 13:39:07,394 - INFO -   ATR% too low: 0.001511 < 0.005
2025-06-05 13:39:07,912 - INFO -   ATR% too low: 0.003204 < 0.005
2025-06-05 13:39:08,434 - INFO -   ATR% too low: 0.003807 < 0.005
2025-06-05 13:39:08,966 - INFO -   ATR% too low: 0.004965 < 0.005
2025-06-05 13:39:09,486 - INFO -   ATR% too low: 0.004802 < 0.005
2025-06-05 13:40:10,668 - INFO -   ATR% too low: 0.001511 < 0.005
2025-06-05 13:40:11,246 - INFO -   ATR% too low: 0.003203 < 0.005
2025-06-05 13:40:11,779 - INFO -   ATR% too low: 0.003851 < 0.005
2025-06-05 13:40:12,307 - INFO -   ATR% too low: 0.004961 < 0.005
2025-06-05 13:40:12,845 - INFO -   ATR% too low: 0.004846 < 0.005
2025-06-05 13:41:14,036 - INFO -   ATR% too low: 0.001510 < 0.005
2025-06-05 13:41:14,572 - INFO -   ATR% too low: 0.003203 < 0.005
2025-06-05 13:41:15,109 - INFO -   ATR% too low: 0.003883 < 0.005
2025-06-05 13:41:15,639 - INFO -   ATR% too low: 0.004960 < 0.005
2025-06-05 13:41:16,185 - INFO -   ATR% too low: 0.004846 < 0.005
2025-06-05 13:42:17,561 - INFO -   ATR% too low: 0.001511 < 0.005
2025-06-05 13:42:18,094 - INFO -   ATR% too low: 0.003203 < 0.005
2025-06-05 13:42:18,637 - INFO -   ATR% too low: 0.003884 < 0.005
2025-06-05 13:42:19,178 - INFO -   ATR% too low: 0.004959 < 0.005
2025-06-05 13:42:19,725 - INFO -   ATR% too low: 0.004847 < 0.005
2025-06-05 13:43:21,194 - INFO -   ATR% too low: 0.001511 < 0.005
2025-06-05 13:43:21,889 - INFO -   ATR% too low: 0.003204 < 0.005
2025-06-05 13:43:22,421 - INFO -   ATR% too low: 0.003919 < 0.005
2025-06-05 13:43:22,951 - INFO -   ATR% too low: 0.004960 < 0.005
2025-06-05 13:43:23,484 - INFO -   ATR% too low: 0.004848 < 0.005
2025-06-05 13:44:24,700 - INFO -   ATR% too low: 0.001510 < 0.005
2025-06-05 13:44:25,239 - INFO -   ATR% too low: 0.003203 < 0.005
2025-06-05 13:44:25,783 - INFO -   ATR% too low: 0.003971 < 0.005
2025-06-05 13:44:26,328 - INFO -   ATR% too low: 0.004962 < 0.005
2025-06-05 13:44:27,091 - INFO -   ATR% too low: 0.004846 < 0.005
2025-06-05 13:45:28,284 - INFO -   ATR% too low: 0.001410 < 0.005
2025-06-05 13:45:28,834 - INFO -   ATR% too low: 0.003029 < 0.005
2025-06-05 13:45:29,383 - INFO -   ATR% too low: 0.003717 < 0.005
2025-06-05 13:45:29,927 - INFO -   ATR% too low: 0.004687 < 0.005
2025-06-05 13:45:30,489 - INFO -   ATR% too low: 0.004551 < 0.005
2025-06-05 13:46:31,720 - INFO -   ATR% too low: 0.001429 < 0.005
2025-06-05 13:46:32,275 - INFO -   ATR% too low: 0.003090 < 0.005
2025-06-05 13:46:32,973 - INFO -   ATR% too low: 0.003807 < 0.005
2025-06-05 13:46:33,530 - INFO -   ATR% too low: 0.004706 < 0.005
2025-06-05 13:46:34,291 - INFO -   ATR% too low: 0.004660 < 0.005
2025-06-05 13:48:38,865 - INFO -   ATR% too low: 0.001429 < 0.005
2025-06-05 13:48:39,337 - INFO -   ATR% too low: 0.003092 < 0.005
2025-06-05 13:48:39,926 - INFO -   ATR% too low: 0.003809 < 0.005
2025-06-05 13:48:40,430 - INFO -   ATR% too low: 0.004728 < 0.005
2025-06-05 13:48:41,011 - INFO -   ATR% too low: 0.004669 < 0.005
2025-06-05 13:49:43,032 - INFO -   ATR% too low: 0.001434 < 0.005
2025-06-05 13:49:43,500 - INFO -   ATR% too low: 0.003111 < 0.005
2025-06-05 13:49:43,957 - INFO -   ATR% too low: 0.003805 < 0.005
2025-06-05 13:49:44,552 - INFO -   ATR% too low: 0.004875 < 0.005
2025-06-05 13:49:45,154 - INFO -   ATR% too low: 0.004731 < 0.005
2025-06-05 13:50:46,106 - INFO -   ATR% too low: 0.001458 < 0.005
2025-06-05 13:50:46,556 - INFO -   ATR% too low: 0.003131 < 0.005
2025-06-05 13:50:47,014 - INFO -   ATR% too low: 0.003877 < 0.005
2025-06-05 13:50:47,623 - INFO -   ATR% too low: 0.004884 < 0.005
2025-06-05 13:50:48,223 - INFO -   ATR% too low: 0.004754 < 0.005
2025-06-05 13:51:49,459 - INFO -   ATR% too low: 0.001458 < 0.005
2025-06-05 13:51:50,031 - INFO -   ATR% too low: 0.003131 < 0.005
2025-06-05 13:51:50,597 - INFO -   ATR% too low: 0.003878 < 0.005
2025-06-05 13:51:51,119 - INFO -   ATR% too low: 0.004896 < 0.005
2025-06-05 13:51:51,640 - INFO -   ATR% too low: 0.004754 < 0.005
2025-06-05 13:52:52,812 - INFO -   ATR% too low: 0.001458 < 0.005
2025-06-05 13:52:53,342 - INFO -   ATR% too low: 0.003132 < 0.005
2025-06-05 13:52:53,870 - INFO -   ATR% too low: 0.003879 < 0.005
2025-06-05 13:52:54,395 - INFO -   ATR% too low: 0.004898 < 0.005
2025-06-05 13:52:54,927 - INFO -   ATR% too low: 0.004756 < 0.005
2025-06-05 13:53:56,120 - INFO -   ATR% too low: 0.001458 < 0.005
2025-06-05 13:53:56,669 - INFO -   ATR% too low: 0.003131 < 0.005
2025-06-05 13:53:57,219 - INFO -   ATR% too low: 0.003877 < 0.005
2025-06-05 13:53:57,756 - INFO -   ATR% too low: 0.004922 < 0.005
2025-06-05 13:53:58,292 - INFO -   ATR% too low: 0.004752 < 0.005
2025-06-05 13:54:59,495 - INFO -   ATR% too low: 0.001458 < 0.005
2025-06-05 13:55:00,034 - INFO -   ATR% too low: 0.003136 < 0.005
2025-06-05 13:55:00,567 - INFO -   ATR% too low: 0.003897 < 0.005
2025-06-05 13:55:01,098 - INFO -   ATR% too low: 0.004946 < 0.005
2025-06-05 13:55:01,634 - INFO -   ATR% too low: 0.004779 < 0.005
2025-06-05 13:56:02,840 - INFO -   ATR% too low: 0.001458 < 0.005
2025-06-05 13:56:03,380 - INFO -   ATR% too low: 0.003137 < 0.005
2025-06-05 13:56:03,920 - INFO -   ATR% too low: 0.003899 < 0.005
2025-06-05 13:56:04,465 - INFO -   ATR% too low: 0.004947 < 0.005
2025-06-05 13:56:05,003 - INFO -   ATR% too low: 0.004777 < 0.005
2025-06-05 13:57:06,220 - INFO -   ATR% too low: 0.001463 < 0.005
2025-06-05 13:57:06,759 - INFO -   ATR% too low: 0.003138 < 0.005
2025-06-05 13:57:07,312 - INFO -   ATR% too low: 0.003900 < 0.005
2025-06-05 13:57:07,865 - INFO -   ATR% too low: 0.004945 < 0.005
2025-06-05 13:57:08,889 - INFO -   ATR% too low: 0.004778 < 0.005
2025-06-05 13:58:10,097 - INFO -   ATR% too low: 0.001463 < 0.005
2025-06-05 13:58:10,644 - INFO -   ATR% too low: 0.003139 < 0.005
2025-06-05 13:58:11,181 - INFO -   ATR% too low: 0.003902 < 0.005
2025-06-05 13:58:11,721 - INFO -   ATR% too low: 0.004951 < 0.005
2025-06-05 13:58:12,259 - INFO -   ATR% too low: 0.004781 < 0.005
2025-06-05 13:59:15,415 - INFO -   ATR% too low: 0.001463 < 0.005
2025-06-05 13:59:16,396 - INFO -   ATR% too low: 0.003137 < 0.005
2025-06-05 13:59:17,259 - INFO -   ATR% too low: 0.003900 < 0.005
2025-06-05 13:59:17,824 - INFO -   ATR% too low: 0.004945 < 0.005
2025-06-05 13:59:18,369 - INFO -   ATR% too low: 0.004777 < 0.005
2025-06-05 14:00:20,089 - INFO -   ATR% too low: 0.001363 < 0.005
2025-06-05 14:00:20,907 - INFO -   ATR% too low: 0.002943 < 0.005
2025-06-05 14:00:21,701 - INFO -   ATR% too low: 0.003649 < 0.005
2025-06-05 14:00:22,374 - INFO -   ATR% too low: 0.004683 < 0.005
2025-06-05 14:00:22,936 - INFO -   ATR% too low: 0.004479 < 0.005
2025-06-05 14:01:24,687 - INFO -   ATR% too low: 0.001386 < 0.005
2025-06-05 14:01:25,478 - INFO -   ATR% too low: 0.002951 < 0.005
2025-06-05 14:01:26,047 - INFO -   ATR% too low: 0.003710 < 0.005
2025-06-05 14:01:27,061 - INFO -   ATR% too low: 0.004738 < 0.005
2025-06-05 14:01:27,669 - INFO -   ATR% too low: 0.004510 < 0.005
2025-06-05 14:02:28,919 - INFO -   ATR% too low: 0.001386 < 0.005
2025-06-05 14:02:29,464 - INFO -   ATR% too low: 0.002963 < 0.005
2025-06-05 14:02:30,002 - INFO -   ATR% too low: 0.003744 < 0.005
2025-06-05 14:02:30,558 - INFO -   ATR% too low: 0.004787 < 0.005
2025-06-05 14:02:31,114 - INFO -   ATR% too low: 0.004526 < 0.005
2025-06-05 14:03:32,362 - INFO -   ATR% too low: 0.001398 < 0.005
2025-06-05 14:03:32,908 - INFO -   ATR% too low: 0.003021 < 0.005
2025-06-05 14:03:33,449 - INFO -   ATR% too low: 0.003755 < 0.005
2025-06-05 14:03:33,987 - INFO -   ATR% too low: 0.004925 < 0.005
2025-06-05 14:03:34,534 - INFO -   ATR% too low: 0.004577 < 0.005
2025-06-05 14:04:36,086 - INFO -   ATR% too low: 0.001398 < 0.005
2025-06-05 14:04:36,932 - INFO -   ATR% too low: 0.003022 < 0.005
2025-06-05 14:04:37,772 - INFO -   ATR% too low: 0.003757 < 0.005
2025-06-05 14:04:38,623 - INFO -   ATR% too low: 0.004971 < 0.005
2025-06-05 14:04:39,470 - INFO -   ATR% too low: 0.004580 < 0.005
2025-06-05 14:05:40,697 - INFO -   ATR% too low: 0.001398 < 0.005
2025-06-05 14:05:41,238 - INFO -   ATR% too low: 0.003022 < 0.005
2025-06-05 14:05:41,816 - INFO -   ATR% too low: 0.003757 < 0.005
2025-06-05 14:05:42,367 - INFO -   ATR% too low: 0.004965 < 0.005
2025-06-05 14:05:42,915 - INFO -   ATR% too low: 0.004578 < 0.005
2025-06-05 14:06:44,172 - INFO -   ATR% too low: 0.001404 < 0.005
2025-06-05 14:06:44,714 - INFO -   ATR% too low: 0.003039 < 0.005
2025-06-05 14:06:45,262 - INFO -   ATR% too low: 0.003813 < 0.005
2025-06-05 14:06:45,803 - INFO -   Volume too low: 7461440.00 < 7548501.45
2025-06-05 14:06:46,346 - INFO -   ATR% too low: 0.004645 < 0.005
2025-06-05 14:07:47,569 - INFO -   ATR% too low: 0.001435 < 0.005
2025-06-05 14:07:48,117 - INFO -   ATR% too low: 0.003046 < 0.005
2025-06-05 14:07:48,683 - INFO -   ATR% too low: 0.003835 < 0.005
2025-06-05 14:07:49,775 - INFO -   ATR% too low: 0.004672 < 0.005
2025-06-05 14:08:51,108 - INFO -   ATR% too low: 0.001436 < 0.005
2025-06-05 14:08:51,797 - INFO -   ATR% too low: 0.003051 < 0.005
2025-06-05 14:08:52,460 - INFO -   ATR% too low: 0.003852 < 0.005
2025-06-05 14:08:53,998 - INFO -   ATR% too low: 0.004680 < 0.005
2025-06-05 14:09:55,221 - INFO -   ATR% too low: 0.001436 < 0.005
2025-06-05 14:09:55,774 - INFO -   ATR% too low: 0.003052 < 0.005
2025-06-05 14:09:56,544 - INFO -   ATR% too low: 0.003855 < 0.005
2025-06-05 14:09:57,637 - INFO -   ATR% too low: 0.004685 < 0.005
2025-06-05 14:10:58,891 - INFO -   ATR% too low: 0.001436 < 0.005
2025-06-05 14:10:59,444 - INFO -   ATR% too low: 0.003052 < 0.005
2025-06-05 14:11:00,212 - INFO -   ATR% too low: 0.003853 < 0.005
2025-06-05 14:11:01,314 - INFO -   ATR% too low: 0.004683 < 0.005
2025-06-05 14:12:04,916 - INFO -   ATR% too low: 0.001436 < 0.005
2025-06-05 14:12:06,630 - INFO -   ATR% too low: 0.003051 < 0.005
2025-06-05 14:12:08,352 - INFO -   ATR% too low: 0.003852 < 0.005
2025-06-05 14:12:11,742 - INFO -   ATR% too low: 0.004681 < 0.005
2025-06-05 14:13:13,462 - INFO -   ATR% too low: 0.001436 < 0.005
2025-06-05 14:13:14,255 - INFO -   ATR% too low: 0.003053 < 0.005
2025-06-05 14:13:14,925 - INFO -   ATR% too low: 0.003854 < 0.005
2025-06-05 14:13:16,018 - INFO -   ATR% too low: 0.004687 < 0.005
2025-06-05 14:14:17,285 - INFO -   ATR% too low: 0.001436 < 0.005
2025-06-05 14:14:17,837 - INFO -   ATR% too low: 0.003052 < 0.005
2025-06-05 14:14:18,392 - INFO -   ATR% too low: 0.003851 < 0.005
2025-06-05 14:14:19,739 - INFO -   ATR% too low: 0.004683 < 0.005
2025-06-05 14:15:21,050 - INFO -   ATR% too low: 0.001333 < 0.005
2025-06-05 14:15:21,609 - INFO -   ATR% too low: 0.002851 < 0.005
2025-06-05 14:15:22,169 - INFO -   ATR% too low: 0.003615 < 0.005
2025-06-05 14:15:22,728 - INFO -   ATR% too low: 0.004839 < 0.005
2025-06-05 14:15:23,290 - INFO -   ATR% too low: 0.004386 < 0.005
2025-06-05 14:16:24,559 - INFO -   ATR% too low: 0.001365 < 0.005
2025-06-05 14:16:25,157 - INFO -   ATR% too low: 0.002876 < 0.005
2025-06-05 14:16:25,715 - INFO -   ATR% too low: 0.003644 < 0.005
2025-06-05 14:16:26,269 - INFO -   ATR% too low: 0.004859 < 0.005
2025-06-05 14:16:26,827 - INFO -   ATR% too low: 0.004469 < 0.005
2025-06-05 14:17:28,077 - INFO -   ATR% too low: 0.001371 < 0.005
2025-06-05 14:17:28,629 - INFO -   ATR% too low: 0.003039 < 0.005
2025-06-05 14:17:29,183 - INFO -   ATR% too low: 0.003702 < 0.005
2025-06-05 14:17:29,749 - INFO -   Volume too low: 907796.00 < 7844899.57
2025-06-05 14:17:30,302 - INFO -   ATR% too low: 0.004497 < 0.005
2025-06-05 14:18:31,538 - INFO -   ATR% too low: 0.001370 < 0.005
2025-06-05 14:18:32,111 - INFO -   ATR% too low: 0.003036 < 0.005
2025-06-05 14:18:32,658 - INFO -   ATR% too low: 0.003714 < 0.005
2025-06-05 14:18:33,656 - INFO -   Volume too low: 1144181.00 < 7862628.45
2025-06-05 14:18:34,206 - INFO -   ATR% too low: 0.004506 < 0.005
2025-06-05 14:19:35,451 - INFO -   ATR% too low: 0.001389 < 0.005
2025-06-05 14:19:35,998 - INFO -   ATR% too low: 0.003033 < 0.005
2025-06-05 14:19:36,567 - INFO -   ATR% too low: 0.003733 < 0.005
2025-06-05 14:19:37,126 - INFO -   Volume too low: 1405711.00 < 7882243.20
2025-06-05 14:19:37,672 - INFO -   ATR% too low: 0.004501 < 0.005
2025-06-05 14:20:38,899 - INFO -   ATR% too low: 0.001389 < 0.005
2025-06-05 14:20:39,453 - INFO -   ATR% too low: 0.003034 < 0.005
2025-06-05 14:20:39,992 - INFO -   ATR% too low: 0.003734 < 0.005
2025-06-05 14:20:40,553 - INFO -   Volume too low: 1493319.00 < 7888813.80
2025-06-05 14:20:41,123 - INFO -   ATR% too low: 0.004501 < 0.005
2025-06-05 14:21:42,352 - INFO -   ATR% too low: 0.001389 < 0.005
2025-06-05 14:21:42,912 - INFO -   ATR% too low: 0.003034 < 0.005
2025-06-05 14:21:43,461 - INFO -   ATR% too low: 0.003761 < 0.005
2025-06-05 14:21:44,007 - INFO -   Volume too low: 1596816.00 < 7896576.07
2025-06-05 14:21:44,554 - INFO -   ATR% too low: 0.004502 < 0.005
2025-06-05 14:22:45,780 - INFO -   ATR% too low: 0.001389 < 0.005
2025-06-05 14:22:46,329 - INFO -   ATR% too low: 0.003035 < 0.005
2025-06-05 14:22:46,879 - INFO -   ATR% too low: 0.003762 < 0.005
2025-06-05 14:22:47,426 - INFO -   Volume too low: 1770353.00 < 7909591.35
2025-06-05 14:22:47,973 - INFO -   ATR% too low: 0.004505 < 0.005
2025-06-05 14:23:49,209 - INFO -   ATR% too low: 0.001390 < 0.005
2025-06-05 14:23:49,766 - INFO -   ATR% too low: 0.003035 < 0.005
2025-06-05 14:23:50,312 - INFO -   ATR% too low: 0.003765 < 0.005
2025-06-05 14:23:50,864 - INFO -   Volume too low: 2036005.00 < 7929515.25
2025-06-05 14:23:51,416 - INFO -   ATR% too low: 0.004507 < 0.005
2025-06-05 14:24:52,659 - INFO -   ATR% too low: 0.001389 < 0.005
2025-06-05 14:24:53,202 - INFO -   ATR% too low: 0.003035 < 0.005
2025-06-05 14:24:53,764 - INFO -   ATR% too low: 0.003765 < 0.005
2025-06-05 14:24:54,312 - INFO -   Volume too low: 2119659.00 < 7935789.30
2025-06-05 14:24:54,877 - INFO -   ATR% too low: 0.004508 < 0.005
2025-06-05 14:25:56,149 - INFO -   ATR% too low: 0.001389 < 0.005
2025-06-05 14:25:56,698 - INFO -   ATR% too low: 0.003035 < 0.005
2025-06-05 14:25:57,247 - INFO -   ATR% too low: 0.003763 < 0.005
2025-06-05 14:25:57,824 - INFO -   Volume too low: 2211185.00 < 7942653.75
2025-06-05 14:25:58,382 - INFO -   ATR% too low: 0.004508 < 0.005
2025-06-05 14:26:59,619 - INFO -   ATR% too low: 0.001389 < 0.005
2025-06-05 14:27:00,168 - INFO -   ATR% too low: 0.003034 < 0.005
2025-06-05 14:27:00,713 - INFO -   ATR% too low: 0.003761 < 0.005
2025-06-05 14:27:01,274 - INFO -   Volume too low: 2341936.00 < 7952460.07
2025-06-05 14:27:01,820 - INFO -   ATR% too low: 0.004505 < 0.005
2025-06-05 14:28:03,038 - INFO -   ATR% too low: 0.001390 < 0.005
2025-06-05 14:28:03,581 - INFO -   ATR% too low: 0.003036 < 0.005
2025-06-05 14:28:04,133 - INFO -   ATR% too low: 0.003763 < 0.005
2025-06-05 14:28:04,679 - INFO -   Volume too low: 2509412.00 < 7965020.77
2025-06-05 14:28:05,230 - INFO -   ATR% too low: 0.004561 < 0.005
2025-06-05 14:29:06,472 - INFO -   ATR% too low: 0.001390 < 0.005
2025-06-05 14:29:07,021 - INFO -   ATR% too low: 0.003035 < 0.005
2025-06-05 14:29:07,560 - INFO -   ATR% too low: 0.003760 < 0.005
2025-06-05 14:29:08,102 - INFO -   Volume too low: 2852685.00 < 7990766.25
2025-06-05 14:29:08,648 - INFO -   ATR% too low: 0.004557 < 0.005
2025-06-05 14:30:10,382 - INFO -   ATR% too low: 0.001291 < 0.005
2025-06-05 14:30:10,963 - INFO -   ATR% too low: 0.002833 < 0.005
2025-06-05 14:30:11,512 - INFO -   ATR% too low: 0.003526 < 0.005
2025-06-05 14:30:12,072 - INFO -   ATR% too low: 0.004888 < 0.005
2025-06-05 14:30:12,625 - INFO -   ATR% too low: 0.004280 < 0.005
2025-06-05 14:31:13,872 - INFO -   ATR% too low: 0.001300 < 0.005
2025-06-05 14:31:14,424 - INFO -   ATR% too low: 0.002877 < 0.005
2025-06-05 14:31:14,973 - INFO -   ATR% too low: 0.003575 < 0.005
2025-06-05 14:31:15,512 - INFO -   ATR% too low: 0.004897 < 0.005
2025-06-05 14:31:16,054 - INFO -   ATR% too low: 0.004328 < 0.005
2025-06-05 14:32:17,337 - INFO -   ATR% too low: 0.001323 < 0.005
2025-06-05 14:32:17,888 - INFO -   ATR% too low: 0.002883 < 0.005
2025-06-05 14:32:18,431 - INFO -   ATR% too low: 0.003594 < 0.005
2025-06-05 14:32:18,973 - INFO -   ATR% too low: 0.004946 < 0.005
2025-06-05 14:32:19,517 - INFO -   ATR% too low: 0.004346 < 0.005
2025-06-05 14:33:20,759 - INFO -   ATR% too low: 0.001358 < 0.005
2025-06-05 14:33:21,310 - INFO -   ATR% too low: 0.002925 < 0.005
2025-06-05 14:33:21,858 - INFO -   ATR% too low: 0.003664 < 0.005
2025-06-05 14:33:22,395 - INFO -   ATR% too low: 0.004945 < 0.005
2025-06-05 14:33:22,949 - INFO -   ATR% too low: 0.004419 < 0.005
2025-06-05 14:34:24,172 - INFO -   ATR% too low: 0.001358 < 0.005
2025-06-05 14:34:24,729 - INFO -   ATR% too low: 0.002924 < 0.005
2025-06-05 14:34:25,268 - INFO -   ATR% too low: 0.003664 < 0.005
2025-06-05 14:34:25,811 - INFO -   ATR% too low: 0.004994 < 0.005
2025-06-05 14:34:26,357 - INFO -   ATR% too low: 0.004418 < 0.005
2025-06-05 14:35:27,583 - INFO -   ATR% too low: 0.001357 < 0.005
2025-06-05 14:35:28,122 - INFO -   ATR% too low: 0.002925 < 0.005
2025-06-05 14:35:28,681 - INFO -   ATR% too low: 0.003663 < 0.005
2025-06-05 14:35:29,226 - INFO -   Volume too low: 1251602.00 < 8015117.77
2025-06-05 14:35:29,781 - INFO -   ATR% too low: 0.004418 < 0.005
2025-06-05 14:36:31,022 - INFO -   ATR% too low: 0.001357 < 0.005
2025-06-05 14:36:31,570 - INFO -   ATR% too low: 0.002925 < 0.005
2025-06-05 14:36:32,116 - INFO -   ATR% too low: 0.003664 < 0.005
2025-06-05 14:36:32,662 - INFO -   Volume too low: 1759232.00 < 8053190.02
2025-06-05 14:36:33,221 - INFO -   ATR% too low: 0.004421 < 0.005
2025-06-05 14:37:34,473 - INFO -   ATR% too low: 0.001357 < 0.005
2025-06-05 14:37:35,020 - INFO -   ATR% too low: 0.002925 < 0.005
2025-06-05 14:37:35,582 - INFO -   ATR% too low: 0.003662 < 0.005
2025-06-05 14:37:36,132 - INFO -   Volume too low: 1917690.00 < 8065074.38
2025-06-05 14:37:36,687 - INFO -   ATR% too low: 0.004421 < 0.005
2025-06-05 14:38:37,953 - INFO -   ATR% too low: 0.001357 < 0.005
2025-06-05 14:38:38,501 - INFO -   ATR% too low: 0.002926 < 0.005
2025-06-05 14:38:39,057 - INFO -   ATR% too low: 0.003664 < 0.005
2025-06-05 14:38:39,600 - INFO -   Volume too low: 2487745.00 < 8107828.50
2025-06-05 14:38:40,150 - INFO -   ATR% too low: 0.004465 < 0.005
2025-06-05 14:39:41,397 - INFO -   ATR% too low: 0.001357 < 0.005
2025-06-05 14:39:42,031 - INFO -   ATR% too low: 0.002925 < 0.005
2025-06-05 14:39:42,601 - INFO -   ATR% too low: 0.003662 < 0.005
2025-06-05 14:39:43,170 - INFO -   Volume too low: 2602563.00 < 8116439.85
2025-06-05 14:39:43,727 - INFO -   ATR% too low: 0.004462 < 0.005
2025-06-05 14:40:44,993 - INFO -   ATR% too low: 0.001357 < 0.005
2025-06-05 14:40:45,553 - INFO -   ATR% too low: 0.002924 < 0.005
2025-06-05 14:40:46,121 - INFO -   ATR% too low: 0.003660 < 0.005
2025-06-05 14:40:46,668 - INFO -   Volume too low: 2691801.00 < 8123132.70
2025-06-05 14:40:47,230 - INFO -   ATR% too low: 0.004459 < 0.005
2025-06-05 14:41:48,491 - INFO -   ATR% too low: 0.001387 < 0.005
2025-06-05 14:41:49,043 - INFO -   ATR% too low: 0.002963 < 0.005
2025-06-05 14:41:49,597 - INFO -   ATR% too low: 0.003779 < 0.005
2025-06-05 14:41:50,150 - INFO -   Volume too low: 2770184.00 < 8129011.43
2025-06-05 14:41:50,697 - INFO -   ATR% too low: 0.004467 < 0.005
2025-06-05 14:42:51,966 - INFO -   ATR% too low: 0.001387 < 0.005
2025-06-05 14:42:52,524 - INFO -   ATR% too low: 0.002964 < 0.005
2025-06-05 14:42:53,080 - INFO -   ATR% too low: 0.003781 < 0.005
2025-06-05 14:42:53,639 - INFO -   Volume too low: 3111988.00 < 8154646.73
2025-06-05 14:42:54,190 - INFO -   ATR% too low: 0.004470 < 0.005
2025-06-05 14:43:55,447 - INFO -   ATR% too low: 0.001391 < 0.005
2025-06-05 14:43:55,999 - INFO -   ATR% too low: 0.002964 < 0.005
2025-06-05 14:43:56,559 - INFO -   ATR% too low: 0.003783 < 0.005
2025-06-05 14:43:57,108 - INFO -   Volume too low: 3196267.00 < 8160967.65
2025-06-05 14:43:57,658 - INFO -   ATR% too low: 0.004489 < 0.005
2025-06-05 14:44:58,879 - INFO -   ATR% too low: 0.001392 < 0.005
2025-06-05 14:44:59,432 - INFO -   ATR% too low: 0.002964 < 0.005
2025-06-05 14:44:59,974 - INFO -   ATR% too low: 0.003782 < 0.005
2025-06-05 14:45:00,512 - INFO -   Volume too low: 3262204.00 < 8165912.93
2025-06-05 14:45:01,081 - INFO -   ATR% too low: 0.004499 < 0.005
2025-06-05 14:46:02,452 - INFO -   ATR% too low: 0.001326 < 0.005
2025-06-05 14:46:03,447 - INFO -   ATR% too low: 0.002774 < 0.005
2025-06-05 14:46:03,992 - INFO -   ATR% too low: 0.003562 < 0.005
2025-06-05 14:46:04,543 - INFO -   ATR% too low: 0.004864 < 0.005
2025-06-05 14:46:05,092 - INFO -   ATR% too low: 0.004246 < 0.005
2025-06-05 14:47:06,351 - INFO -   ATR% too low: 0.001349 < 0.005
2025-06-05 14:47:06,907 - INFO -   ATR% too low: 0.002793 < 0.005
2025-06-05 14:47:07,482 - INFO -   ATR% too low: 0.003570 < 0.005
2025-06-05 14:47:08,035 - INFO -   ATR% too low: 0.004863 < 0.005
2025-06-05 14:47:08,582 - INFO -   ATR% too low: 0.004254 < 0.005
2025-06-05 14:48:09,838 - INFO -   ATR% too low: 0.001370 < 0.005
2025-06-05 14:48:10,839 - INFO -   ATR% too low: 0.002820 < 0.005
2025-06-05 14:48:11,395 - INFO -   ATR% too low: 0.003593 < 0.005
2025-06-05 14:48:11,950 - INFO -   ATR% too low: 0.004876 < 0.005
2025-06-05 14:48:12,497 - INFO -   ATR% too low: 0.004272 < 0.005
2025-06-05 14:49:13,723 - INFO -   ATR% too low: 0.001371 < 0.005
2025-06-05 14:49:14,269 - INFO -   ATR% too low: 0.002821 < 0.005
2025-06-05 14:49:14,812 - INFO -   ATR% too low: 0.003593 < 0.005
2025-06-05 14:49:15,365 - INFO -   ATR% too low: 0.004876 < 0.005
2025-06-05 14:49:15,903 - INFO -   ATR% too low: 0.004325 < 0.005
2025-06-05 14:50:17,193 - INFO -   ATR% too low: 0.001371 < 0.005
2025-06-05 14:50:17,738 - INFO -   ATR% too low: 0.002820 < 0.005
2025-06-05 14:50:18,288 - INFO -   ATR% too low: 0.003611 < 0.005
2025-06-05 14:50:18,884 - INFO -   ATR% too low: 0.004873 < 0.005
2025-06-05 14:50:19,946 - INFO -   ATR% too low: 0.004320 < 0.005
2025-06-05 14:51:21,188 - INFO -   ATR% too low: 0.001370 < 0.005
2025-06-05 14:51:21,742 - INFO -   ATR% too low: 0.002820 < 0.005
2025-06-05 14:51:22,298 - INFO -   ATR% too low: 0.003611 < 0.005
2025-06-05 14:51:22,845 - INFO -   ATR% too low: 0.004876 < 0.005
2025-06-05 14:51:23,392 - INFO -   ATR% too low: 0.004321 < 0.005
2025-06-05 14:52:24,665 - INFO -   ATR% too low: 0.001371 < 0.005
2025-06-05 14:52:25,221 - INFO -   ATR% too low: 0.002848 < 0.005
2025-06-05 14:52:25,778 - INFO -   ATR% too low: 0.003612 < 0.005
2025-06-05 14:52:26,335 - INFO -   ATR% too low: 0.004933 < 0.005
2025-06-05 14:52:26,886 - INFO -   ATR% too low: 0.004323 < 0.005
2025-06-05 14:53:28,121 - INFO -   ATR% too low: 0.001371 < 0.005
2025-06-05 14:53:28,672 - INFO -   ATR% too low: 0.002848 < 0.005
2025-06-05 14:53:29,236 - INFO -   ATR% too low: 0.003612 < 0.005
2025-06-05 14:53:29,794 - INFO -   ATR% too low: 0.004930 < 0.005
2025-06-05 14:53:30,348 - INFO -   ATR% too low: 0.004322 < 0.005
2025-06-05 14:54:31,602 - INFO -   ATR% too low: 0.001371 < 0.005
2025-06-05 14:54:32,183 - INFO -   ATR% too low: 0.002870 < 0.005
2025-06-05 14:54:32,739 - INFO -   ATR% too low: 0.003612 < 0.005
2025-06-05 14:54:33,286 - INFO -   ATR% too low: 0.004943 < 0.005
2025-06-05 14:54:33,838 - INFO -   ATR% too low: 0.004332 < 0.005
2025-06-05 14:55:35,222 - INFO -   ATR% too low: 0.001371 < 0.005
2025-06-05 14:55:36,001 - INFO -   ATR% too low: 0.002870 < 0.005
2025-06-05 14:55:36,764 - INFO -   ATR% too low: 0.003612 < 0.005
2025-06-05 14:55:37,411 - INFO -   ATR% too low: 0.004940 < 0.005
2025-06-05 14:55:38,126 - INFO -   ATR% too low: 0.004336 < 0.005
2025-06-05 14:56:39,415 - INFO -   ATR% too low: 0.001371 < 0.005
2025-06-05 14:56:39,979 - INFO -   ATR% too low: 0.002869 < 0.005
2025-06-05 14:56:40,544 - INFO -   ATR% too low: 0.003611 < 0.005
2025-06-05 14:56:41,114 - INFO -   ATR% too low: 0.004943 < 0.005
2025-06-05 14:56:41,675 - INFO -   ATR% too low: 0.004336 < 0.005
2025-06-05 14:57:47,709 - INFO -   ATR% too low: 0.001371 < 0.005
2025-06-05 14:57:49,993 - INFO -   ATR% too low: 0.002868 < 0.005
2025-06-05 14:57:51,623 - INFO -   ATR% too low: 0.003611 < 0.005
2025-06-05 14:57:52,914 - INFO -   ATR% too low: 0.004937 < 0.005
2025-06-05 14:57:55,381 - INFO -   ATR% too low: 0.004335 < 0.005
2025-06-05 14:58:56,834 - INFO -   ATR% too low: 0.001370 < 0.005
2025-06-05 14:58:57,686 - INFO -   ATR% too low: 0.002881 < 0.005
2025-06-05 14:58:58,709 - INFO -   ATR% too low: 0.003647 < 0.005
2025-06-05 14:58:59,313 - INFO -   Volume too low: 2162024.00 < 8135403.52
2025-06-05 14:58:59,881 - INFO -   ATR% too low: 0.004331 < 0.005
2025-06-05 15:00:01,139 - INFO -   ATR% too low: 0.001370 < 0.005
2025-06-05 15:00:01,698 - INFO -   ATR% too low: 0.002688 < 0.005
2025-06-05 15:00:02,274 - INFO -   ATR% too low: 0.003413 < 0.005
2025-06-05 15:00:02,847 - INFO -   ATR% too low: 0.004679 < 0.005
2025-06-05 15:00:03,400 - INFO -   ATR% too low: 0.004051 < 0.005
2025-06-05 15:01:04,656 - INFO -   ATR% too low: 0.001293 < 0.005
2025-06-05 15:01:05,254 - INFO -   ATR% too low: 0.002702 < 0.005
2025-06-05 15:01:05,852 - INFO -   ATR% too low: 0.003429 < 0.005
2025-06-05 15:01:06,436 - INFO -   ATR% too low: 0.004755 < 0.005
2025-06-05 15:01:07,006 - INFO -   ATR% too low: 0.004080 < 0.005
2025-06-05 15:02:08,301 - INFO -   ATR% too low: 0.001320 < 0.005
2025-06-05 15:02:08,879 - INFO -   ATR% too low: 0.002728 < 0.005
2025-06-05 15:02:09,802 - INFO -   ATR% too low: 0.003463 < 0.005
2025-06-05 15:02:10,434 - INFO -   ATR% too low: 0.004756 < 0.005
2025-06-05 15:02:11,033 - INFO -   ATR% too low: 0.004123 < 0.005
2025-06-05 15:03:12,289 - INFO -   ATR% too low: 0.001320 < 0.005
2025-06-05 15:03:12,853 - INFO -   ATR% too low: 0.002730 < 0.005
2025-06-05 15:03:13,420 - INFO -   ATR% too low: 0.003462 < 0.005
2025-06-05 15:03:14,071 - INFO -   ATR% too low: 0.004850 < 0.005
2025-06-05 15:03:14,696 - INFO -   ATR% too low: 0.004123 < 0.005
2025-06-05 15:04:16,024 - INFO -   ATR% too low: 0.001320 < 0.005
2025-06-05 15:04:16,657 - INFO -   ATR% too low: 0.002731 < 0.005
2025-06-05 15:04:17,238 - INFO -   ATR% too low: 0.003461 < 0.005
2025-06-05 15:04:17,830 - INFO -   ATR% too low: 0.004881 < 0.005
2025-06-05 15:04:18,453 - INFO -   ATR% too low: 0.004135 < 0.005
2025-06-05 15:05:20,162 - INFO -   ATR% too low: 0.001320 < 0.005
2025-06-05 15:05:20,991 - INFO -   ATR% too low: 0.002738 < 0.005
2025-06-05 15:05:21,936 - INFO -   ATR% too low: 0.003462 < 0.005
2025-06-05 15:05:22,880 - INFO -   ATR% too low: 0.004921 < 0.005
2025-06-05 15:05:23,971 - INFO -   ATR% too low: 0.004139 < 0.005
2025-06-05 15:06:25,556 - INFO -   ATR% too low: 0.001320 < 0.005
2025-06-05 15:06:26,365 - INFO -   ATR% too low: 0.002738 < 0.005
2025-06-05 15:06:27,152 - INFO -   ATR% too low: 0.003481 < 0.005
2025-06-05 15:06:28,014 - INFO -   Volume too low: 4640323.00 < 7842512.10
2025-06-05 15:06:32,165 - INFO -   ATR% too low: 0.004137 < 0.005
2025-06-05 15:07:37,210 - INFO -   ATR% too low: 0.001320 < 0.005
2025-06-05 15:07:38,749 - INFO -   ATR% too low: 0.002738 < 0.005
2025-06-05 15:07:40,335 - INFO -   ATR% too low: 0.003481 < 0.005
2025-06-05 15:07:42,082 - INFO -   Volume too low: 5319587.00 < 7893456.90
2025-06-05 15:07:43,586 - INFO -   ATR% too low: 0.004173 < 0.005
2025-06-05 15:08:47,233 - INFO -   ATR% too low: 0.001320 < 0.005
2025-06-05 15:08:49,025 - INFO -   ATR% too low: 0.002750 < 0.005
2025-06-05 15:08:50,090 - INFO -   ATR% too low: 0.003480 < 0.005
2025-06-05 15:08:51,686 - INFO -   Volume too low: 6088828.00 < 7951149.98
2025-06-05 15:08:52,951 - INFO -   ATR% too low: 0.004180 < 0.005
2025-06-05 15:09:57,143 - INFO -   ATR% too low: 0.001320 < 0.005
2025-06-05 15:09:58,875 - INFO -   ATR% too low: 0.002824 < 0.005
2025-06-05 15:10:00,071 - INFO -   ATR% too low: 0.003481 < 0.005
2025-06-05 15:10:05,952 - INFO -   ATR% too low: 0.004190 < 0.005
2025-06-05 15:11:09,508 - INFO -   ATR% too low: 0.001320 < 0.005
2025-06-05 15:11:10,701 - INFO -   ATR% too low: 0.002824 < 0.005
2025-06-05 15:11:12,143 - INFO -   ATR% too low: 0.003479 < 0.005
2025-06-05 15:11:14,166 - INFO -   ATR% too low: 0.004198 < 0.005
2025-06-05 15:12:18,283 - INFO -   ATR% too low: 0.001320 < 0.005
2025-06-05 15:12:19,523 - INFO -   ATR% too low: 0.002824 < 0.005
2025-06-05 15:12:20,968 - INFO -   ATR% too low: 0.003481 < 0.005
2025-06-05 15:12:23,169 - INFO -   ATR% too low: 0.004201 < 0.005
2025-06-05 15:13:26,263 - INFO -   ATR% too low: 0.001321 < 0.005
2025-06-05 15:13:27,330 - INFO -   ATR% too low: 0.002825 < 0.005
2025-06-05 15:13:28,272 - INFO -   ATR% too low: 0.003481 < 0.005
2025-06-05 15:13:30,131 - INFO -   ATR% too low: 0.004203 < 0.005
2025-06-05 15:14:34,750 - INFO -   ATR% too low: 0.001321 < 0.005
2025-06-05 15:14:35,973 - INFO -   ATR% too low: 0.002824 < 0.005
2025-06-05 15:14:37,123 - INFO -   ATR% too low: 0.003480 < 0.005
2025-06-05 15:14:38,753 - INFO -   ATR% too low: 0.004204 < 0.005
2025-06-05 15:15:42,044 - INFO -   ATR% too low: 0.001242 < 0.005
2025-06-05 15:15:43,528 - INFO -   ATR% too low: 0.002638 < 0.005
2025-06-05 15:15:44,420 - INFO -   ATR% too low: 0.003279 < 0.005
2025-06-05 15:15:45,262 - INFO -   ATR% too low: 0.004838 < 0.005
2025-06-05 15:15:46,154 - INFO -   ATR% too low: 0.003965 < 0.005
2025-06-05 15:16:49,539 - INFO -   ATR% too low: 0.001259 < 0.005
2025-06-05 15:16:51,030 - INFO -   ATR% too low: 0.002668 < 0.005
2025-06-05 15:16:53,181 - INFO -   ATR% too low: 0.003309 < 0.005
2025-06-05 15:16:54,211 - INFO -   ATR% too low: 0.004927 < 0.005
2025-06-05 15:16:55,048 - INFO -   ATR% too low: 0.004025 < 0.005
2025-06-05 15:17:58,370 - INFO -   ATR% too low: 0.001293 < 0.005
2025-06-05 15:17:59,856 - INFO -   ATR% too low: 0.002726 < 0.005
2025-06-05 15:18:01,102 - INFO -   ATR% too low: 0.003420 < 0.005
2025-06-05 15:18:02,017 - INFO -   ATR% too low: 0.004972 < 0.005
2025-06-05 15:18:03,364 - INFO -   ATR% too low: 0.004117 < 0.005
2025-06-05 15:19:05,482 - INFO -   ATR% too low: 0.001292 < 0.005
2025-06-05 15:19:06,178 - INFO -   ATR% too low: 0.002725 < 0.005
2025-06-05 15:19:06,879 - INFO -   ATR% too low: 0.003418 < 0.005
2025-06-05 15:19:07,552 - INFO -   ATR% too low: 0.004964 < 0.005
2025-06-05 15:19:08,237 - INFO -   ATR% too low: 0.004116 < 0.005
2025-06-05 15:20:10,254 - INFO -   ATR% too low: 0.001292 < 0.005
2025-06-05 15:20:10,903 - INFO -   ATR% too low: 0.002725 < 0.005
2025-06-05 15:20:11,551 - INFO -   ATR% too low: 0.003418 < 0.005
2025-06-05 15:20:12,195 - INFO -   ATR% too low: 0.004965 < 0.005
2025-06-05 15:20:12,850 - INFO -   ATR% too low: 0.004118 < 0.005
2025-06-05 15:21:15,464 - INFO -   ATR% too low: 0.001293 < 0.005
2025-06-05 15:21:16,301 - INFO -   ATR% too low: 0.002726 < 0.005
2025-06-05 15:21:16,984 - INFO -   ATR% too low: 0.003420 < 0.005
2025-06-05 15:21:17,666 - INFO -   ATR% too low: 0.004969 < 0.005
2025-06-05 15:21:18,367 - INFO -   ATR% too low: 0.004122 < 0.005
2025-06-05 15:22:21,026 - INFO -   ATR% too low: 0.001292 < 0.005
2025-06-05 15:22:21,753 - INFO -   ATR% too low: 0.002726 < 0.005
2025-06-05 15:22:22,424 - INFO -   ATR% too low: 0.003420 < 0.005
2025-06-05 15:22:23,099 - INFO -   ATR% too low: 0.004967 < 0.005
2025-06-05 15:22:23,785 - INFO -   ATR% too low: 0.004126 < 0.005
2025-06-05 15:23:26,647 - INFO -   ATR% too low: 0.001293 < 0.005
2025-06-05 15:23:27,130 - INFO -   ATR% too low: 0.002754 < 0.005
2025-06-05 15:23:27,611 - INFO -   ATR% too low: 0.003421 < 0.005
2025-06-05 15:23:28,228 - INFO -   ATR% too low: 0.004971 < 0.005
2025-06-05 15:23:28,887 - INFO -   ATR% too low: 0.004166 < 0.005
2025-06-05 15:24:30,805 - INFO -   ATR% too low: 0.001293 < 0.005
2025-06-05 15:24:31,616 - INFO -   ATR% too low: 0.002753 < 0.005
2025-06-05 15:24:32,193 - INFO -   ATR% too low: 0.003421 < 0.005
2025-06-05 15:24:32,762 - INFO -   ATR% too low: 0.004971 < 0.005
2025-06-05 15:24:33,336 - INFO -   ATR% too low: 0.004165 < 0.005
2025-06-05 15:25:35,035 - INFO -   ATR% too low: 0.001311 < 0.005
2025-06-05 15:25:35,604 - INFO -   ATR% too low: 0.002821 < 0.005
2025-06-05 15:25:36,177 - INFO -   ATR% too low: 0.003495 < 0.005
2025-06-05 15:25:36,751 - INFO -   Volume too low: 2190705.00 < 8178443.48
2025-06-05 15:25:37,316 - INFO -   ATR% too low: 0.004313 < 0.005
2025-06-05 15:26:39,026 - INFO -   ATR% too low: 0.001325 < 0.005
2025-06-05 15:26:39,591 - INFO -   ATR% too low: 0.002872 < 0.005
2025-06-05 15:26:40,156 - INFO -   ATR% too low: 0.003559 < 0.005
2025-06-05 15:26:40,725 - INFO -   Volume too low: 2699974.00 < 8216638.65
2025-06-05 15:26:41,289 - INFO -   ATR% too low: 0.004338 < 0.005
2025-06-05 15:27:43,172 - INFO -   ATR% too low: 0.001329 < 0.005
2025-06-05 15:27:43,737 - INFO -   ATR% too low: 0.002901 < 0.005
2025-06-05 15:27:44,305 - INFO -   ATR% too low: 0.003574 < 0.005
2025-06-05 15:27:44,889 - INFO -   Volume too low: 3318660.00 < 8263040.10
2025-06-05 15:27:45,451 - INFO -   ATR% too low: 0.004357 < 0.005
2025-06-05 15:28:47,334 - INFO -   ATR% too low: 0.001329 < 0.005
2025-06-05 15:28:47,898 - INFO -   ATR% too low: 0.002933 < 0.005
2025-06-05 15:28:48,466 - INFO -   ATR% too low: 0.003584 < 0.005
2025-06-05 15:28:49,032 - INFO -   Volume too low: 3575588.00 < 8282309.70
2025-06-05 15:28:49,598 - INFO -   ATR% too low: 0.004371 < 0.005
2025-06-05 15:29:51,877 - INFO -   ATR% too low: 0.001329 < 0.005
2025-06-05 15:29:52,442 - INFO -   ATR% too low: 0.002941 < 0.005
2025-06-05 15:29:53,028 - INFO -   ATR% too low: 0.003583 < 0.005
2025-06-05 15:29:53,599 - INFO -   Volume too low: 3913856.00 < 8307679.80
2025-06-05 15:29:54,200 - INFO -   ATR% too low: 0.004368 < 0.005
2025-06-05 15:30:56,360 - INFO -   ATR% too low: 0.001248 < 0.005
2025-06-05 15:30:57,018 - INFO -   ATR% too low: 0.002781 < 0.005
2025-06-05 15:30:57,659 - INFO -   ATR% too low: 0.003386 < 0.005
2025-06-05 15:30:58,548 - INFO -   ATR% too low: 0.004843 < 0.005
2025-06-05 15:30:59,230 - INFO -   ATR% too low: 0.004113 < 0.005
2025-06-05 15:32:01,204 - INFO -   ATR% too low: 0.001260 < 0.005
2025-06-05 15:32:01,812 - INFO -   ATR% too low: 0.002823 < 0.005
2025-06-05 15:32:02,444 - INFO -   ATR% too low: 0.003494 < 0.005
2025-06-05 15:32:03,050 - INFO -   ATR% too low: 0.004894 < 0.005
2025-06-05 15:32:03,665 - INFO -   ATR% too low: 0.004191 < 0.005
2025-06-05 15:33:05,617 - INFO -   ATR% too low: 0.001267 < 0.005
2025-06-05 15:33:06,195 - INFO -   ATR% too low: 0.002829 < 0.005
2025-06-05 15:33:06,767 - INFO -   ATR% too low: 0.003530 < 0.005
2025-06-05 15:33:07,350 - INFO -   ATR% too low: 0.004915 < 0.005
2025-06-05 15:33:07,931 - INFO -   ATR% too low: 0.004223 < 0.005
2025-06-05 15:34:09,661 - INFO -   ATR% too low: 0.001268 < 0.005
2025-06-05 15:34:10,452 - INFO -   ATR% too low: 0.002830 < 0.005
2025-06-05 15:34:11,029 - INFO -   ATR% too low: 0.003530 < 0.005
2025-06-05 15:34:11,602 - INFO -   ATR% too low: 0.004916 < 0.005
2025-06-05 15:34:12,181 - INFO -   ATR% too low: 0.004223 < 0.005
2025-06-05 15:35:13,857 - INFO -   ATR% too low: 0.001268 < 0.005
2025-06-05 15:35:14,442 - INFO -   ATR% too low: 0.002832 < 0.005
2025-06-05 15:35:15,013 - INFO -   ATR% too low: 0.003530 < 0.005
2025-06-05 15:35:15,581 - INFO -   ATR% too low: 0.004913 < 0.005
2025-06-05 15:35:16,146 - INFO -   ATR% too low: 0.004224 < 0.005
2025-06-05 15:36:17,834 - INFO -   ATR% too low: 0.001268 < 0.005
2025-06-05 15:36:18,391 - INFO -   ATR% too low: 0.002831 < 0.005
2025-06-05 15:36:18,956 - INFO -   ATR% too low: 0.003530 < 0.005
2025-06-05 15:36:19,519 - INFO -   ATR% too low: 0.004920 < 0.005
2025-06-05 15:36:20,088 - INFO -   ATR% too low: 0.004223 < 0.005
2025-06-05 15:37:21,997 - INFO -   ATR% too low: 0.001268 < 0.005
2025-06-05 15:37:22,554 - INFO -   ATR% too low: 0.002832 < 0.005
2025-06-05 15:37:23,250 - INFO -   ATR% too low: 0.003532 < 0.005
2025-06-05 15:37:23,822 - INFO -   ATR% too low: 0.004923 < 0.005
2025-06-05 15:37:24,548 - INFO -   ATR% too low: 0.004226 < 0.005
2025-06-05 15:38:26,386 - INFO -   ATR% too low: 0.001268 < 0.005
2025-06-05 15:38:26,937 - INFO -   ATR% too low: 0.002882 < 0.005
2025-06-05 15:38:27,504 - INFO -   ATR% too low: 0.003534 < 0.005
2025-06-05 15:38:28,050 - INFO -   ATR% too low: 0.004924 < 0.005
2025-06-05 15:38:28,600 - INFO -   ATR% too low: 0.004226 < 0.005
2025-06-05 15:39:30,225 - INFO -   ATR% too low: 0.001341 < 0.005
2025-06-05 15:39:30,770 - INFO -   ATR% too low: 0.003451 < 0.005
2025-06-05 15:39:31,313 - INFO -   ATR% too low: 0.003684 < 0.005
2025-06-05 15:39:31,858 - INFO -   Volume too low: 3100407.00 < 8194583.02
2025-06-05 15:39:32,402 - INFO -   ATR% too low: 0.004384 < 0.005
2025-06-05 15:40:35,228 - INFO -   ATR% too low: 0.001380 < 0.005
2025-06-05 15:40:35,774 - INFO -   ATR% too low: 0.003447 < 0.005
2025-06-05 15:40:36,329 - INFO -   ATR% too low: 0.003718 < 0.005
2025-06-05 15:40:36,875 - INFO -   Volume too low: 3807844.00 < 8247640.80
2025-06-05 15:40:37,421 - INFO -   ATR% too low: 0.004450 < 0.005
2025-06-05 15:41:38,646 - INFO -   ATR% too low: 0.001380 < 0.005
2025-06-05 15:41:39,193 - INFO -   ATR% too low: 0.003447 < 0.005
2025-06-05 15:41:39,738 - INFO -   ATR% too low: 0.003721 < 0.005
2025-06-05 15:41:40,274 - INFO -   Volume too low: 4122401.00 < 8271232.57
2025-06-05 15:41:40,813 - INFO -   ATR% too low: 0.004452 < 0.005
2025-06-05 15:42:42,073 - INFO -   ATR% too low: 0.001391 < 0.005
2025-06-05 15:42:42,630 - INFO -   ATR% too low: 0.003448 < 0.005
2025-06-05 15:42:43,376 - INFO -   ATR% too low: 0.003744 < 0.005
2025-06-05 15:42:43,907 - INFO -   Volume too low: 4495791.00 < 8299236.82
2025-06-05 15:42:44,447 - INFO -   ATR% too low: 0.004450 < 0.005
2025-06-05 15:43:45,646 - INFO -   ATR% too low: 0.001391 < 0.005
2025-06-05 15:43:46,197 - INFO -   ATR% too low: 0.003447 < 0.005
2025-06-05 15:43:46,741 - INFO -   ATR% too low: 0.003744 < 0.005
2025-06-05 15:43:47,279 - INFO -   Volume too low: 4659620.00 < 8311524.00
2025-06-05 15:43:47,819 - INFO -   ATR% too low: 0.004450 < 0.005
2025-06-05 15:44:49,052 - INFO -   ATR% too low: 0.001391 < 0.005
2025-06-05 15:44:49,589 - INFO -   ATR% too low: 0.003447 < 0.005
2025-06-05 15:44:50,122 - INFO -   ATR% too low: 0.003779 < 0.005
2025-06-05 15:44:50,765 - INFO -   Volume too low: 4892172.00 < 8328965.40
2025-06-05 15:44:51,507 - INFO -   ATR% too low: 0.004447 < 0.005
2025-06-05 15:45:52,741 - INFO -   ATR% too low: 0.001322 < 0.005
2025-06-05 15:45:53,286 - INFO -   ATR% too low: 0.003256 < 0.005
2025-06-05 15:45:53,842 - INFO -   ATR% too low: 0.003598 < 0.005
2025-06-05 15:45:54,376 - INFO -   ATR% too low: 0.004822 < 0.005
2025-06-05 15:45:54,905 - INFO -   ATR% too low: 0.004197 < 0.005
2025-06-05 15:46:56,141 - INFO -   ATR% too low: 0.001361 < 0.005
2025-06-05 15:46:56,697 - INFO -   ATR% too low: 0.003369 < 0.005
2025-06-05 15:46:57,234 - INFO -   ATR% too low: 0.003676 < 0.005
2025-06-05 15:46:57,768 - INFO -   ATR% too low: 0.004973 < 0.005
2025-06-05 15:46:58,296 - INFO -   ATR% too low: 0.004313 < 0.005
2025-06-05 15:47:59,494 - INFO -   ATR% too low: 0.001367 < 0.005
2025-06-05 15:48:00,024 - INFO -   ATR% too low: 0.003383 < 0.005
2025-06-05 15:48:00,555 - INFO -   ATR% too low: 0.003761 < 0.005
2025-06-05 15:48:01,095 - INFO -   Volume too low: 935355.00 < 8148708.30
2025-06-05 15:48:01,620 - INFO -   ATR% too low: 0.004328 < 0.005
2025-06-05 15:49:02,828 - INFO -   ATR% too low: 0.001367 < 0.005
2025-06-05 15:49:03,358 - INFO -   ATR% too low: 0.003383 < 0.005
2025-06-05 15:49:03,902 - INFO -   ATR% too low: 0.003758 < 0.005
2025-06-05 15:49:04,442 - INFO -   Volume too low: 1049356.00 < 8157258.38
2025-06-05 15:49:04,969 - INFO -   ATR% too low: 0.004343 < 0.005
2025-06-05 15:50:06,204 - INFO -   ATR% too low: 0.001366 < 0.005
2025-06-05 15:50:06,736 - INFO -   ATR% too low: 0.003397 < 0.005
2025-06-05 15:50:07,308 - INFO -   ATR% too low: 0.003838 < 0.005
2025-06-05 15:50:07,854 - INFO -   Volume too low: 1254558.00 < 8172648.52
2025-06-05 15:50:08,543 - INFO -   ATR% too low: 0.004401 < 0.005
2025-06-05 15:51:09,837 - INFO -   ATR% too low: 0.001366 < 0.005
2025-06-05 15:51:10,369 - INFO -   ATR% too low: 0.003410 < 0.005
2025-06-05 15:51:10,926 - INFO -   ATR% too low: 0.003839 < 0.005
2025-06-05 15:51:11,453 - INFO -   Volume too low: 1432359.00 < 8185983.60
2025-06-05 15:51:11,978 - INFO -   ATR% too low: 0.004400 < 0.005
2025-06-05 15:52:13,183 - INFO -   ATR% too low: 0.001374 < 0.005
2025-06-05 15:52:13,718 - INFO -   ATR% too low: 0.003411 < 0.005
2025-06-05 15:52:14,248 - INFO -   ATR% too low: 0.003839 < 0.005
2025-06-05 15:52:14,773 - INFO -   Volume too low: 1492907.00 < 8190524.70
2025-06-05 15:52:15,297 - INFO -   ATR% too low: 0.004402 < 0.005
2025-06-05 15:53:16,490 - INFO -   ATR% too low: 0.001374 < 0.005
2025-06-05 15:53:17,015 - INFO -   ATR% too low: 0.003411 < 0.005
2025-06-05 15:53:17,551 - INFO -   ATR% too low: 0.003841 < 0.005
2025-06-05 15:53:18,084 - INFO -   Volume too low: 1601645.00 < 8198680.05
2025-06-05 15:53:18,620 - INFO -   ATR% too low: 0.004404 < 0.005
2025-06-05 15:54:19,835 - INFO -   ATR% too low: 0.001378 < 0.005
2025-06-05 15:54:20,378 - INFO -   ATR% too low: 0.003499 < 0.005
2025-06-05 15:54:20,928 - INFO -   ATR% too low: 0.003839 < 0.005
2025-06-05 15:54:21,459 - INFO -   Volume too low: 1805456.00 < 8213965.88
2025-06-05 15:54:22,013 - INFO -   ATR% too low: 0.004449 < 0.005
2025-06-05 15:55:23,249 - INFO -   ATR% too low: 0.001397 < 0.005
2025-06-05 15:55:23,780 - INFO -   ATR% too low: 0.003519 < 0.005
2025-06-05 15:55:24,347 - INFO -   ATR% too low: 0.003840 < 0.005
2025-06-05 15:55:24,882 - INFO -   Volume too low: 2064184.00 < 8233370.48
2025-06-05 15:55:25,426 - INFO -   ATR% too low: 0.004458 < 0.005
2025-06-05 15:56:26,609 - INFO -   ATR% too low: 0.001401 < 0.005
2025-06-05 15:56:27,152 - INFO -   ATR% too low: 0.003520 < 0.005
2025-06-05 15:56:27,685 - INFO -   ATR% too low: 0.003841 < 0.005
2025-06-05 15:56:28,223 - INFO -   Volume too low: 2206182.00 < 8244020.32
2025-06-05 15:56:28,748 - INFO -   ATR% too low: 0.004470 < 0.005
2025-06-05 15:57:29,952 - INFO -   ATR% too low: 0.001401 < 0.005
2025-06-05 15:57:30,482 - INFO -   ATR% too low: 0.003521 < 0.005
2025-06-05 15:57:31,006 - INFO -   ATR% too low: 0.003844 < 0.005
2025-06-05 15:57:31,528 - INFO -   Volume too low: 2289222.00 < 8250248.32
2025-06-05 15:57:32,055 - INFO -   ATR% too low: 0.004475 < 0.005
2025-06-05 15:58:33,269 - INFO -   ATR% too low: 0.001401 < 0.005
2025-06-05 15:58:33,802 - INFO -   ATR% too low: 0.003517 < 0.005
2025-06-05 15:58:34,336 - INFO -   ATR% too low: 0.003843 < 0.005
2025-06-05 15:58:34,857 - INFO -   Volume too low: 2577391.00 < 8271861.00
2025-06-05 15:58:35,384 - INFO -   ATR% too low: 0.004470 < 0.005
2025-06-05 15:59:36,596 - INFO -   ATR% too low: 0.001401 < 0.005
2025-06-05 15:59:37,120 - INFO -   ATR% too low: 0.003519 < 0.005
2025-06-05 15:59:37,645 - INFO -   ATR% too low: 0.003842 < 0.005
2025-06-05 15:59:38,198 - INFO -   Volume too low: 2828379.00 < 8290685.10
2025-06-05 15:59:38,717 - INFO -   ATR% too low: 0.004472 < 0.005
2025-06-05 16:00:39,880 - INFO -   ATR% too low: 0.001310 < 0.005
2025-06-05 16:00:40,405 - INFO -   ATR% too low: 0.003341 < 0.005
2025-06-05 16:00:40,926 - INFO -   ATR% too low: 0.003610 < 0.005
2025-06-05 16:00:41,444 - INFO -   ATR% too low: 0.004784 < 0.005
2025-06-05 16:00:41,967 - INFO -   ATR% too low: 0.004226 < 0.005
2025-06-05 16:01:43,157 - INFO -   ATR% too low: 0.001317 < 0.005
2025-06-05 16:01:43,696 - INFO -   ATR% too low: 0.003341 < 0.005
2025-06-05 16:01:44,216 - INFO -   ATR% too low: 0.003658 < 0.005
2025-06-05 16:01:44,737 - INFO -   ATR% too low: 0.004920 < 0.005
2025-06-05 16:01:45,260 - INFO -   ATR% too low: 0.004257 < 0.005
2025-06-05 16:02:46,451 - INFO -   ATR% too low: 0.001326 < 0.005
2025-06-05 16:02:46,970 - INFO -   ATR% too low: 0.003363 < 0.005
2025-06-05 16:02:47,491 - INFO -   ATR% too low: 0.003689 < 0.005
2025-06-05 16:02:48,026 - INFO -   Volume too low: 2295068.00 < 7974324.60
2025-06-05 16:02:48,561 - INFO -   ATR% too low: 0.004286 < 0.005
2025-06-05 16:03:49,735 - INFO -   ATR% too low: 0.001342 < 0.005
2025-06-05 16:03:50,270 - INFO -   ATR% too low: 0.003375 < 0.005
2025-06-05 16:03:50,808 - INFO -   ATR% too low: 0.003774 < 0.005
2025-06-05 16:03:51,335 - INFO -   Volume too low: 3360220.00 < 8054211.00
2025-06-05 16:03:51,870 - INFO -   ATR% too low: 0.004309 < 0.005
2025-06-05 16:04:53,094 - INFO -   ATR% too low: 0.001342 < 0.005
2025-06-05 16:04:53,629 - INFO -   ATR% too low: 0.003374 < 0.005
2025-06-05 16:04:54,210 - INFO -   ATR% too low: 0.003837 < 0.005
2025-06-05 16:04:54,749 - INFO -   Volume too low: 4565223.00 < 8144586.23
2025-06-05 16:04:55,277 - INFO -   ATR% too low: 0.004311 < 0.005
2025-06-05 16:05:56,463 - INFO -   ATR% too low: 0.001353 < 0.005
2025-06-05 16:05:57,049 - INFO -   ATR% too low: 0.003386 < 0.005
2025-06-05 16:05:57,580 - INFO -   ATR% too low: 0.003832 < 0.005
2025-06-05 16:05:58,106 - INFO -   Volume too low: 5115634.00 < 8185867.05
2025-06-05 16:05:58,637 - INFO -   ATR% too low: 0.004322 < 0.005
2025-06-05 16:06:59,844 - INFO -   ATR% too low: 0.001354 < 0.005
2025-06-05 16:07:00,370 - INFO -   ATR% too low: 0.003387 < 0.005
2025-06-05 16:07:00,896 - INFO -   ATR% too low: 0.003834 < 0.005
2025-06-05 16:07:01,424 - INFO -   Volume too low: 5995145.00 < 8251830.38
2025-06-05 16:07:01,954 - INFO -   ATR% too low: 0.004324 < 0.005
2025-06-05 16:08:03,215 - INFO -   ATR% too low: 0.001354 < 0.005
2025-06-05 16:08:03,747 - INFO -   ATR% too low: 0.003390 < 0.005
2025-06-05 16:08:04,284 - INFO -   ATR% too low: 0.003837 < 0.005
2025-06-05 16:08:04,811 - INFO -   Volume too low: 6503182.00 < 8289933.15
2025-06-05 16:08:05,341 - INFO -   ATR% too low: 0.004328 < 0.005
2025-06-05 16:09:06,727 - INFO -   ATR% too low: 0.001354 < 0.005
2025-06-05 16:09:07,677 - INFO -   ATR% too low: 0.003414 < 0.005
2025-06-05 16:09:08,391 - INFO -   ATR% too low: 0.003838 < 0.005
2025-06-05 16:09:09,213 - INFO -   Volume too low: 7732744.00 < 8382150.30
2025-06-05 16:09:09,828 - INFO -   ATR% too low: 0.004339 < 0.005
2025-06-05 16:10:11,151 - INFO -   ATR% too low: 0.001356 < 0.005
2025-06-05 16:10:11,719 - INFO -   ATR% too low: 0.003455 < 0.005
2025-06-05 16:10:12,281 - INFO -   ATR% too low: 0.003874 < 0.005
2025-06-05 16:10:12,840 - INFO -   No signal conditions met for ADAUSDT:
2025-06-05 16:10:12,841 - INFO -     BUY failed: AlphaTrend > Trigger, MACD > Signal
2025-06-05 16:10:12,841 - INFO -     SELL failed: AlphaTrend < Trigger, EMA9 < EMA18, Supertrend Down
2025-06-05 16:10:13,427 - INFO -   ATR% too low: 0.004373 < 0.005
2025-06-05 16:11:14,715 - INFO -   ATR% too low: 0.001364 < 0.005
2025-06-05 16:11:15,273 - INFO -   ATR% too low: 0.003455 < 0.005
2025-06-05 16:11:15,835 - INFO -   ATR% too low: 0.004005 < 0.005
2025-06-05 16:11:16,387 - INFO -   No signal conditions met for ADAUSDT:
2025-06-05 16:11:16,388 - INFO -     BUY failed: AlphaTrend > Trigger, MACD > Signal
2025-06-05 16:11:16,388 - INFO -     SELL failed: AlphaTrend < Trigger, EMA9 < EMA18, Supertrend Down
2025-06-05 16:11:17,169 - INFO -   ATR% too low: 0.004424 < 0.005
2025-06-05 16:12:18,446 - INFO -   ATR% too low: 0.001394 < 0.005
2025-06-05 16:12:18,994 - INFO -   ATR% too low: 0.003457 < 0.005
2025-06-05 16:12:19,536 - INFO -   ATR% too low: 0.004006 < 0.005
2025-06-05 16:12:20,100 - INFO -   No signal conditions met for ADAUSDT:
2025-06-05 16:12:20,100 - INFO -     BUY failed: AlphaTrend > Trigger, MACD > Signal
2025-06-05 16:12:20,101 - INFO -     SELL failed: AlphaTrend < Trigger, EMA9 < EMA18, Supertrend Down
2025-06-05 16:12:20,709 - INFO -   ATR% too low: 0.004446 < 0.005
2025-06-05 16:13:22,189 - INFO -   ATR% too low: 0.001404 < 0.005
2025-06-05 16:13:22,753 - INFO -   ATR% too low: 0.003455 < 0.005
2025-06-05 16:13:23,472 - INFO -   ATR% too low: 0.004004 < 0.005
2025-06-05 16:13:24,060 - INFO -   No signal conditions met for ADAUSDT:
2025-06-05 16:13:24,060 - INFO -     BUY failed: AlphaTrend > Trigger, MACD > Signal
2025-06-05 16:13:24,060 - INFO -     SELL failed: AlphaTrend < Trigger, EMA9 < EMA18, Supertrend Down
2025-06-05 16:13:24,607 - INFO -   ATR% too low: 0.004444 < 0.005
2025-06-05 16:14:25,844 - INFO -   ATR% too low: 0.001404 < 0.005
2025-06-05 16:14:26,384 - INFO -   ATR% too low: 0.003452 < 0.005
2025-06-05 16:14:26,921 - INFO -   ATR% too low: 0.003998 < 0.005
2025-06-05 16:14:27,465 - INFO -   No signal conditions met for ADAUSDT:
2025-06-05 16:14:27,465 - INFO -     BUY failed: AlphaTrend > Trigger, MACD > Signal
2025-06-05 16:14:27,465 - INFO -     SELL failed: AlphaTrend < Trigger, EMA9 < EMA18, Supertrend Down
2025-06-05 16:14:28,072 - INFO -   ATR% too low: 0.004437 < 0.005
2025-06-05 16:15:29,278 - INFO -   ATR% too low: 0.001312 < 0.005
2025-06-05 16:15:29,810 - INFO -   ATR% too low: 0.003235 < 0.005
2025-06-05 16:15:30,349 - INFO -   ATR% too low: 0.003774 < 0.005
2025-06-05 16:15:30,885 - INFO -   ATR% too low: 0.004810 < 0.005
2025-06-05 16:15:31,417 - INFO -   ATR% too low: 0.004173 < 0.005
2025-06-05 16:16:32,622 - INFO -   ATR% too low: 0.001312 < 0.005
2025-06-05 16:16:33,162 - INFO -   ATR% too low: 0.003251 < 0.005
2025-06-05 16:16:33,696 - INFO -   ATR% too low: 0.003807 < 0.005
2025-06-05 16:16:34,229 - INFO -   ATR% too low: 0.004832 < 0.005
2025-06-05 16:16:34,773 - INFO -   ATR% too low: 0.004224 < 0.005
2025-06-05 16:17:35,962 - INFO -   ATR% too low: 0.001317 < 0.005
2025-06-05 16:17:36,492 - INFO -   ATR% too low: 0.003265 < 0.005
2025-06-05 16:17:37,024 - INFO -   ATR% too low: 0.003812 < 0.005
2025-06-05 16:17:37,566 - INFO -   ATR% too low: 0.004843 < 0.005
2025-06-05 16:17:38,106 - INFO -   ATR% too low: 0.004226 < 0.005
2025-06-05 16:18:39,308 - INFO -   ATR% too low: 0.001317 < 0.005
2025-06-05 16:18:39,833 - INFO -   ATR% too low: 0.003266 < 0.005
2025-06-05 16:18:40,364 - INFO -   ATR% too low: 0.003836 < 0.005
2025-06-05 16:18:40,892 - INFO -   ATR% too low: 0.004853 < 0.005
2025-06-05 16:18:41,431 - INFO -   ATR% too low: 0.004290 < 0.005
2025-06-05 16:19:42,630 - INFO -   ATR% too low: 0.001353 < 0.005
2025-06-05 16:19:43,161 - INFO -   ATR% too low: 0.003311 < 0.005
2025-06-05 16:19:43,688 - INFO -   ATR% too low: 0.003846 < 0.005
2025-06-05 16:19:44,223 - INFO -   ATR% too low: 0.004880 < 0.005
2025-06-05 16:19:44,755 - INFO -   ATR% too low: 0.004299 < 0.005
2025-06-05 16:20:45,977 - INFO -   ATR% too low: 0.001356 < 0.005
2025-06-05 16:20:46,526 - INFO -   ATR% too low: 0.003317 < 0.005
2025-06-05 16:20:47,050 - INFO -   ATR% too low: 0.003859 < 0.005
2025-06-05 16:20:47,579 - INFO -   ATR% too low: 0.004881 < 0.005
2025-06-05 16:20:48,098 - INFO -   ATR% too low: 0.004315 < 0.005
2025-06-05 16:21:49,296 - INFO -   ATR% too low: 0.001380 < 0.005
2025-06-05 16:21:49,825 - INFO -   ATR% too low: 0.003329 < 0.005
2025-06-05 16:21:50,351 - INFO -   ATR% too low: 0.003864 < 0.005
2025-06-05 16:21:50,980 - INFO -   ATR% too low: 0.004882 < 0.005
2025-06-05 16:21:51,907 - INFO -   ATR% too low: 0.004317 < 0.005
2025-06-05 16:22:53,130 - INFO -   ATR% too low: 0.001392 < 0.005
2025-06-05 16:22:53,663 - INFO -   ATR% too low: 0.003421 < 0.005
2025-06-05 16:22:54,210 - INFO -   ATR% too low: 0.003877 < 0.005
2025-06-05 16:22:54,742 - INFO -   ATR% too low: 0.004910 < 0.005
2025-06-05 16:22:55,271 - INFO -   ATR% too low: 0.004346 < 0.005
2025-06-05 16:23:56,492 - INFO -   ATR% too low: 0.001447 < 0.005
2025-06-05 16:23:57,017 - INFO -   ATR% too low: 0.003488 < 0.005
2025-06-05 16:23:57,543 - INFO -   ATR% too low: 0.003966 < 0.005
2025-06-05 16:23:58,074 - INFO -   ATR% too low: 0.004939 < 0.005
2025-06-05 16:23:58,599 - INFO -   ATR% too low: 0.004453 < 0.005
2025-06-05 16:24:59,777 - INFO -   ATR% too low: 0.001447 < 0.005
2025-06-05 16:25:00,297 - INFO -   ATR% too low: 0.003508 < 0.005
2025-06-05 16:25:00,822 - INFO -   ATR% too low: 0.003990 < 0.005
2025-06-05 16:25:01,340 - INFO -   ATR% too low: 0.004949 < 0.005
2025-06-05 16:25:01,858 - INFO -   ATR% too low: 0.004458 < 0.005
2025-06-05 16:26:03,049 - INFO -   ATR% too low: 0.001447 < 0.005
2025-06-05 16:26:03,588 - INFO -   ATR% too low: 0.003509 < 0.005
2025-06-05 16:26:04,111 - INFO -   ATR% too low: 0.003992 < 0.005
2025-06-05 16:26:04,640 - INFO -   ATR% too low: 0.004957 < 0.005
2025-06-05 16:26:05,169 - INFO -   ATR% too low: 0.004459 < 0.005
2025-06-05 16:27:06,368 - INFO -   ATR% too low: 0.001447 < 0.005
2025-06-05 16:27:06,899 - INFO -   ATR% too low: 0.003508 < 0.005
2025-06-05 16:27:07,424 - INFO -   ATR% too low: 0.003992 < 0.005
2025-06-05 16:27:07,957 - INFO -   ATR% too low: 0.004957 < 0.005
2025-06-05 16:27:08,504 - INFO -   ATR% too low: 0.004460 < 0.005
2025-06-05 16:28:09,702 - INFO -   ATR% too low: 0.001447 < 0.005
2025-06-05 16:28:10,255 - INFO -   ATR% too low: 0.003509 < 0.005
2025-06-05 16:28:10,780 - INFO -   ATR% too low: 0.003993 < 0.005
2025-06-05 16:28:11,302 - INFO -   ATR% too low: 0.004957 < 0.005
2025-06-05 16:28:11,830 - INFO -   ATR% too low: 0.004460 < 0.005
2025-06-05 16:29:13,030 - INFO -   ATR% too low: 0.001447 < 0.005
2025-06-05 16:29:13,565 - INFO -   ATR% too low: 0.003508 < 0.005
2025-06-05 16:29:14,282 - INFO -   ATR% too low: 0.003990 < 0.005
2025-06-05 16:29:14,815 - INFO -   ATR% too low: 0.004952 < 0.005
2025-06-05 16:29:15,355 - INFO -   ATR% too low: 0.004458 < 0.005
2025-06-05 16:30:16,564 - INFO -   ATR% too low: 0.001344 < 0.005
2025-06-05 16:30:17,084 - INFO -   ATR% too low: 0.003273 < 0.005
2025-06-05 16:30:17,618 - INFO -   ATR% too low: 0.003725 < 0.005
2025-06-05 16:30:18,164 - INFO -   ATR% too low: 0.004619 < 0.005
2025-06-05 16:30:18,693 - INFO -   ATR% too low: 0.004166 < 0.005
2025-06-05 16:31:19,906 - INFO -   ATR% too low: 0.001389 < 0.005
2025-06-05 16:31:20,445 - INFO -   ATR% too low: 0.003349 < 0.005
2025-06-05 16:31:21,008 - INFO -   ATR% too low: 0.003818 < 0.005
2025-06-05 16:31:21,540 - INFO -   ATR% too low: 0.004671 < 0.005
2025-06-05 16:31:22,161 - INFO -   ATR% too low: 0.004256 < 0.005
2025-06-05 16:32:23,398 - INFO -   ATR% too low: 0.001390 < 0.005
2025-06-05 16:32:24,036 - INFO -   ATR% too low: 0.003390 < 0.005
2025-06-05 16:32:24,583 - INFO -   ATR% too low: 0.003829 < 0.005
2025-06-05 16:32:25,112 - INFO -   ATR% too low: 0.004670 < 0.005
2025-06-05 16:32:25,637 - INFO -   ATR% too low: 0.004260 < 0.005
2025-06-05 16:33:26,839 - INFO -   ATR% too low: 0.001400 < 0.005
2025-06-05 16:33:27,385 - INFO -   ATR% too low: 0.003422 < 0.005
2025-06-05 16:33:27,938 - INFO -   ATR% too low: 0.003869 < 0.005
2025-06-05 16:33:28,509 - INFO -   ATR% too low: 0.004754 < 0.005
2025-06-05 16:33:29,050 - INFO -   ATR% too low: 0.004258 < 0.005
2025-06-05 16:34:30,255 - INFO -   ATR% too low: 0.001400 < 0.005
2025-06-05 16:34:31,217 - INFO -   ATR% too low: 0.003422 < 0.005
2025-06-05 16:34:32,198 - INFO -   ATR% too low: 0.003867 < 0.005
2025-06-05 16:34:33,178 - INFO -   ATR% too low: 0.004789 < 0.005
2025-06-05 16:34:33,706 - INFO -   ATR% too low: 0.004257 < 0.005
2025-06-05 16:35:34,880 - INFO -   ATR% too low: 0.001400 < 0.005
2025-06-05 16:35:35,407 - INFO -   ATR% too low: 0.003422 < 0.005
2025-06-05 16:35:35,933 - INFO -   ATR% too low: 0.003869 < 0.005
2025-06-05 16:35:36,460 - INFO -   ATR% too low: 0.004823 < 0.005
2025-06-05 16:35:36,989 - INFO -   ATR% too low: 0.004257 < 0.005
2025-06-05 16:36:38,189 - INFO -   ATR% too low: 0.001400 < 0.005
2025-06-05 16:36:38,727 - INFO -   ATR% too low: 0.003423 < 0.005
2025-06-05 16:36:39,257 - INFO -   ATR% too low: 0.003871 < 0.005
2025-06-05 16:36:39,790 - INFO -   ATR% too low: 0.004876 < 0.005
2025-06-05 16:36:40,325 - INFO -   ATR% too low: 0.004259 < 0.005
2025-06-05 16:37:41,518 - INFO -   ATR% too low: 0.001400 < 0.005
2025-06-05 16:37:42,049 - INFO -   ATR% too low: 0.003423 < 0.005
2025-06-05 16:37:42,577 - INFO -   ATR% too low: 0.003870 < 0.005
2025-06-05 16:37:43,113 - INFO -   ATR% too low: 0.004967 < 0.005
2025-06-05 16:37:43,639 - INFO -   ATR% too low: 0.004259 < 0.005
2025-06-05 16:38:45,086 - INFO -   ATR% too low: 0.001400 < 0.005
2025-06-05 16:38:45,642 - INFO -   ATR% too low: 0.003424 < 0.005
2025-06-05 16:38:46,208 - INFO -   ATR% too low: 0.003870 < 0.005
2025-06-05 16:38:46,749 - INFO -   ATR% too low: 0.004968 < 0.005
2025-06-05 16:38:47,295 - INFO -   ATR% too low: 0.004259 < 0.005
2025-06-05 16:39:48,498 - INFO -   ATR% too low: 0.001400 < 0.005
2025-06-05 16:39:49,036 - INFO -   ATR% too low: 0.003424 < 0.005
2025-06-05 16:39:49,577 - INFO -   ATR% too low: 0.003870 < 0.005
2025-06-05 16:39:50,119 - INFO -   ATR% too low: 0.004981 < 0.005
2025-06-05 16:39:50,668 - INFO -   ATR% too low: 0.004260 < 0.005
2025-06-05 16:40:51,883 - INFO -   ATR% too low: 0.001400 < 0.005
2025-06-05 16:40:52,447 - INFO -   ATR% too low: 0.003424 < 0.005
2025-06-05 16:40:53,000 - INFO -   ATR% too low: 0.003871 < 0.005
2025-06-05 16:40:53,686 - INFO -   Volume too low: 4379894.00 < 8466156.38
2025-06-05 16:40:54,242 - INFO -   ATR% too low: 0.004263 < 0.005
2025-06-05 16:41:55,464 - INFO -   ATR% too low: 0.001401 < 0.005
2025-06-05 16:41:56,012 - INFO -   ATR% too low: 0.003425 < 0.005
2025-06-05 16:41:56,569 - INFO -   ATR% too low: 0.003872 < 0.005
2025-06-05 16:41:57,120 - INFO -   Volume too low: 4758284.00 < 8494535.62
2025-06-05 16:41:57,669 - INFO -   ATR% too low: 0.004265 < 0.005
2025-06-05 16:42:58,927 - INFO -   ATR% too low: 0.001400 < 0.005
2025-06-05 16:42:59,481 - INFO -   ATR% too low: 0.003424 < 0.005
2025-06-05 16:43:00,031 - INFO -   ATR% too low: 0.003874 < 0.005
2025-06-05 16:43:00,595 - INFO -   Volume too low: 4996334.00 < 8512389.38
2025-06-05 16:43:01,169 - INFO -   ATR% too low: 0.004264 < 0.005
2025-06-05 16:44:02,410 - INFO -   ATR% too low: 0.001400 < 0.005
2025-06-05 16:44:02,940 - INFO -   ATR% too low: 0.003424 < 0.005
2025-06-05 16:44:03,480 - INFO -   ATR% too low: 0.003874 < 0.005
2025-06-05 16:44:04,051 - INFO -   Volume too low: 5254597.00 < 8531759.10
2025-06-05 16:44:04,642 - INFO -   ATR% too low: 0.004266 < 0.005
2025-06-05 16:45:05,874 - INFO -   ATR% too low: 0.001308 < 0.005
2025-06-05 16:45:06,428 - INFO -   ATR% too low: 0.003189 < 0.005
2025-06-05 16:45:07,006 - INFO -   ATR% too low: 0.003611 < 0.005
2025-06-05 16:45:07,899 - INFO -   ATR% too low: 0.004674 < 0.005
2025-06-05 16:45:08,456 - INFO -   ATR% too low: 0.004019 < 0.005
2025-06-05 16:46:09,679 - INFO -   ATR% too low: 0.001322 < 0.005
2025-06-05 16:46:10,242 - INFO -   ATR% too low: 0.003231 < 0.005
2025-06-05 16:46:10,771 - INFO -   ATR% too low: 0.003660 < 0.005
2025-06-05 16:46:11,319 - INFO -   ATR% too low: 0.004756 < 0.005
2025-06-05 16:46:11,855 - INFO -   ATR% too low: 0.004084 < 0.005
2025-06-05 16:47:13,057 - INFO -   ATR% too low: 0.001337 < 0.005
2025-06-05 16:47:13,596 - INFO -   ATR% too low: 0.003280 < 0.005
2025-06-05 16:47:14,129 - INFO -   ATR% too low: 0.003698 < 0.005
2025-06-05 16:47:14,661 - INFO -   ATR% too low: 0.004756 < 0.005
2025-06-05 16:47:15,204 - INFO -   ATR% too low: 0.004137 < 0.005
2025-06-05 16:48:16,442 - INFO -   ATR% too low: 0.001337 < 0.005
2025-06-05 16:48:16,977 - INFO -   ATR% too low: 0.003279 < 0.005
2025-06-05 16:48:17,519 - INFO -   ATR% too low: 0.003718 < 0.005
2025-06-05 16:48:18,058 - INFO -   ATR% too low: 0.004832 < 0.005
2025-06-05 16:48:18,597 - INFO -   ATR% too low: 0.004135 < 0.005
2025-06-05 16:49:21,382 - INFO -   ATR% too low: 0.001337 < 0.005
2025-06-05 16:49:21,925 - INFO -   ATR% too low: 0.003279 < 0.005
2025-06-05 16:49:22,604 - INFO -   ATR% too low: 0.003718 < 0.005
2025-06-05 16:49:23,147 - INFO -   ATR% too low: 0.004852 < 0.005
2025-06-05 16:49:23,734 - INFO -   ATR% too low: 0.004136 < 0.005
2025-06-05 16:50:25,028 - INFO -   ATR% too low: 0.001337 < 0.005
2025-06-05 16:50:25,603 - INFO -   ATR% too low: 0.003281 < 0.005
2025-06-05 16:50:26,189 - INFO -   ATR% too low: 0.003718 < 0.005
2025-06-05 16:50:26,792 - INFO -   ATR% too low: 0.004854 < 0.005
2025-06-05 16:50:27,380 - INFO -   ATR% too low: 0.004137 < 0.005
2025-06-05 16:51:28,656 - INFO -   ATR% too low: 0.001337 < 0.005
2025-06-05 16:51:29,209 - INFO -   ATR% too low: 0.003279 < 0.005
2025-06-05 16:51:29,772 - INFO -   ATR% too low: 0.003762 < 0.005
2025-06-05 16:51:30,331 - INFO -   ATR% too low: 0.004853 < 0.005
2025-06-05 16:51:30,892 - INFO -   ATR% too low: 0.004134 < 0.005
2025-06-05 16:52:32,170 - INFO -   ATR% too low: 0.001337 < 0.005
2025-06-05 16:52:32,731 - INFO -   ATR% too low: 0.003290 < 0.005
2025-06-05 16:52:33,279 - INFO -   ATR% too low: 0.003807 < 0.005
2025-06-05 16:52:33,827 - INFO -   ATR% too low: 0.004949 < 0.005
2025-06-05 16:52:34,384 - INFO -   ATR% too low: 0.004213 < 0.005
2025-06-05 16:53:35,666 - INFO -   ATR% too low: 0.001337 < 0.005
2025-06-05 16:53:36,226 - INFO -   ATR% too low: 0.003292 < 0.005
2025-06-05 16:53:36,785 - INFO -   ATR% too low: 0.003811 < 0.005
2025-06-05 16:53:37,346 - INFO -   ATR% too low: 0.004954 < 0.005
2025-06-05 16:53:37,889 - INFO -   ATR% too low: 0.004214 < 0.005
2025-06-05 16:54:39,136 - INFO -   ATR% too low: 0.001337 < 0.005
2025-06-05 16:54:39,680 - INFO -   ATR% too low: 0.003292 < 0.005
2025-06-05 16:54:40,252 - INFO -   ATR% too low: 0.003809 < 0.005
2025-06-05 16:54:40,800 - INFO -   ATR% too low: 0.004954 < 0.005
2025-06-05 16:54:41,358 - INFO -   ATR% too low: 0.004220 < 0.005
2025-06-05 16:55:42,628 - INFO -   ATR% too low: 0.001337 < 0.005
2025-06-05 16:55:43,168 - INFO -   ATR% too low: 0.003293 < 0.005
2025-06-05 16:55:43,711 - INFO -   ATR% too low: 0.003811 < 0.005
2025-06-05 16:55:44,401 - INFO -   ATR% too low: 0.004958 < 0.005
2025-06-05 16:55:44,994 - INFO -   ATR% too low: 0.004222 < 0.005
2025-06-05 16:56:46,246 - INFO -   ATR% too low: 0.001337 < 0.005
2025-06-05 16:56:46,881 - INFO -   ATR% too low: 0.003291 < 0.005
2025-06-05 16:56:47,480 - INFO -   ATR% too low: 0.003807 < 0.005
2025-06-05 16:56:48,035 - INFO -   ATR% too low: 0.004953 < 0.005
2025-06-05 16:56:48,591 - INFO -   ATR% too low: 0.004237 < 0.005
2025-06-05 16:57:49,868 - INFO -   ATR% too low: 0.001337 < 0.005
2025-06-05 16:57:50,432 - INFO -   ATR% too low: 0.003292 < 0.005
2025-06-05 16:57:50,982 - INFO -   ATR% too low: 0.003843 < 0.005
2025-06-05 16:57:51,568 - INFO -   ATR% too low: 0.004960 < 0.005
2025-06-05 16:57:52,157 - INFO -   ATR% too low: 0.004277 < 0.005
2025-06-05 16:58:53,612 - INFO -   ATR% too low: 0.001337 < 0.005
2025-06-05 16:58:54,237 - INFO -   ATR% too low: 0.003292 < 0.005
2025-06-05 16:58:54,778 - INFO -   ATR% too low: 0.003843 < 0.005
2025-06-05 16:58:55,322 - INFO -   ATR% too low: 0.004962 < 0.005
2025-06-05 16:58:55,902 - INFO -   ATR% too low: 0.004278 < 0.005
2025-06-05 16:59:57,128 - INFO -   ATR% too low: 0.001337 < 0.005
2025-06-05 16:59:57,665 - INFO -   ATR% too low: 0.003292 < 0.005
2025-06-05 16:59:58,213 - INFO -   ATR% too low: 0.003843 < 0.005
2025-06-05 16:59:58,753 - INFO -   ATR% too low: 0.004992 < 0.005
2025-06-05 16:59:59,299 - INFO -   ATR% too low: 0.004277 < 0.005
2025-06-05 17:01:00,520 - INFO -   ATR% too low: 0.001246 < 0.005
2025-06-05 17:01:01,060 - INFO -   ATR% too low: 0.003084 < 0.005
2025-06-05 17:01:01,605 - INFO -   ATR% too low: 0.003606 < 0.005
2025-06-05 17:01:02,141 - INFO -   ATR% too low: 0.004717 < 0.005
2025-06-05 17:01:02,678 - INFO -   ATR% too low: 0.004013 < 0.005
2025-06-05 17:02:03,971 - INFO -   ATR% too low: 0.001269 < 0.005
2025-06-05 17:02:04,529 - INFO -   ATR% too low: 0.003133 < 0.005
2025-06-05 17:02:05,074 - INFO -   ATR% too low: 0.003652 < 0.005
2025-06-05 17:02:05,615 - INFO -   ATR% too low: 0.004759 < 0.005
2025-06-05 17:02:06,164 - INFO -   ATR% too low: 0.004050 < 0.005
2025-06-05 17:03:07,514 - INFO -   ATR% too low: 0.001286 < 0.005
2025-06-05 17:03:08,063 - INFO -   ATR% too low: 0.003133 < 0.005
2025-06-05 17:03:08,635 - INFO -   ATR% too low: 0.003669 < 0.005
2025-06-05 17:03:09,175 - INFO -   ATR% too low: 0.004760 < 0.005
2025-06-05 17:03:09,714 - INFO -   ATR% too low: 0.004047 < 0.005
2025-06-05 17:04:10,964 - INFO -   ATR% too low: 0.001298 < 0.005
2025-06-05 17:04:11,507 - INFO -   ATR% too low: 0.003157 < 0.005
2025-06-05 17:04:12,095 - INFO -   ATR% too low: 0.003669 < 0.005
2025-06-05 17:04:12,635 - INFO -   ATR% too low: 0.004798 < 0.005
2025-06-05 17:04:13,184 - INFO -   ATR% too low: 0.004078 < 0.005
2025-06-05 17:05:14,415 - INFO -   ATR% too low: 0.001312 < 0.005
2025-06-05 17:05:14,963 - INFO -   ATR% too low: 0.003239 < 0.005
2025-06-05 17:05:15,506 - INFO -   ATR% too low: 0.003668 < 0.005
2025-06-05 17:05:16,044 - INFO -   ATR% too low: 0.004847 < 0.005
2025-06-05 17:05:16,583 - INFO -   ATR% too low: 0.004123 < 0.005
2025-06-05 17:06:17,826 - INFO -   ATR% too low: 0.001313 < 0.005
2025-06-05 17:06:18,354 - INFO -   ATR% too low: 0.003242 < 0.005
2025-06-05 17:06:18,893 - INFO -   ATR% too low: 0.003671 < 0.005
2025-06-05 17:06:19,434 - INFO -   ATR% too low: 0.004852 < 0.005
2025-06-05 17:06:19,969 - INFO -   ATR% too low: 0.004145 < 0.005
2025-06-05 17:07:21,229 - INFO -   ATR% too low: 0.001312 < 0.005
2025-06-05 17:07:21,796 - INFO -   ATR% too low: 0.003241 < 0.005
2025-06-05 17:07:22,339 - INFO -   ATR% too low: 0.003671 < 0.005
2025-06-05 17:07:22,889 - INFO -   ATR% too low: 0.004849 < 0.005
2025-06-05 17:07:23,481 - INFO -   ATR% too low: 0.004148 < 0.005
2025-06-05 17:08:24,708 - INFO -   ATR% too low: 0.001333 < 0.005
2025-06-05 17:08:25,244 - INFO -   ATR% too low: 0.003361 < 0.005
2025-06-05 17:08:25,770 - INFO -   ATR% too low: 0.003760 < 0.005
2025-06-05 17:08:26,307 - INFO -   ATR% too low: 0.004924 < 0.005
2025-06-05 17:08:26,842 - INFO -   ATR% too low: 0.004183 < 0.005
2025-06-05 17:09:28,040 - INFO -   ATR% too low: 0.001353 < 0.005
2025-06-05 17:09:28,570 - INFO -   ATR% too low: 0.003477 < 0.005
2025-06-05 17:09:29,114 - INFO -   ATR% too low: 0.003802 < 0.005
2025-06-05 17:09:29,849 - INFO -   ATR% too low: 0.004995 < 0.005
2025-06-05 17:09:30,372 - INFO -   ATR% too low: 0.004245 < 0.005
2025-06-05 17:10:31,721 - INFO -   ATR% too low: 0.001364 < 0.005
2025-06-05 17:10:32,308 - INFO -   ATR% too low: 0.003480 < 0.005
2025-06-05 17:10:32,864 - INFO -   ATR% too low: 0.003807 < 0.005
2025-06-05 17:10:33,414 - INFO -   Volume too low: 7796391.00 < 8672100.07
2025-06-05 17:10:33,955 - INFO -   ATR% too low: 0.004245 < 0.005
2025-06-05 17:11:36,135 - INFO -   ATR% too low: 0.001390 < 0.005
2025-06-05 17:11:37,098 - INFO -   ATR% too low: 0.003479 < 0.005
2025-06-05 17:11:37,644 - INFO -   ATR% too low: 0.003805 < 0.005
2025-06-05 17:11:38,183 - INFO -   Volume too low: 8404557.00 < 8717712.52
2025-06-05 17:11:38,719 - INFO -   ATR% too low: 0.004245 < 0.005
2025-06-05 17:12:39,947 - INFO -   ATR% too low: 0.001406 < 0.005
2025-06-05 17:12:40,556 - INFO -   ATR% too low: 0.003478 < 0.005
2025-06-05 17:12:42,839 - INFO -   ATR% too low: 0.003827 < 0.005
2025-06-05 17:12:43,496 - INFO -   ATR% too low: 0.004999 < 0.005
2025-06-05 17:12:44,143 - INFO -   ATR% too low: 0.004244 < 0.005
2025-06-05 17:13:45,362 - INFO -   ATR% too low: 0.001513 < 0.005
2025-06-05 17:13:45,883 - INFO -   ATR% too low: 0.003473 < 0.005
2025-06-05 17:13:46,424 - INFO -   ATR% too low: 0.003876 < 0.005
2025-06-05 17:13:46,942 - INFO -   ATR% too low: 0.004994 < 0.005
2025-06-05 17:13:47,569 - INFO -   ATR% too low: 0.004329 < 0.005
2025-06-05 17:14:48,775 - INFO -   ATR% too low: 0.001516 < 0.005
2025-06-05 17:14:49,330 - INFO -   ATR% too low: 0.003475 < 0.005
2025-06-05 17:14:49,872 - INFO -   ATR% too low: 0.003931 < 0.005
2025-06-05 17:14:52,568 - INFO -   ATR% too low: 0.004373 < 0.005
2025-06-05 17:15:54,843 - INFO -   ATR% too low: 0.001435 < 0.005
2025-06-05 17:15:55,505 - INFO -   ATR% too low: 0.003305 < 0.005
2025-06-05 17:15:56,056 - INFO -   ATR% too low: 0.003690 < 0.005
2025-06-05 17:15:56,588 - INFO -   ATR% too low: 0.004793 < 0.005
2025-06-05 17:15:57,128 - INFO -   ATR% too low: 0.004327 < 0.005
2025-06-05 17:17:00,565 - INFO -   ATR% too low: 0.001485 < 0.005
2025-06-05 17:17:01,428 - INFO -   ATR% too low: 0.003354 < 0.005
2025-06-05 17:17:02,247 - INFO -   ATR% too low: 0.003784 < 0.005
2025-06-05 17:17:03,059 - INFO -   ATR% too low: 0.004791 < 0.005
2025-06-05 17:17:03,868 - INFO -   ATR% too low: 0.004340 < 0.005
2025-06-05 17:18:06,496 - INFO -   ATR% too low: 0.001485 < 0.005
2025-06-05 17:18:07,199 - INFO -   ATR% too low: 0.003378 < 0.005
2025-06-05 17:18:07,895 - INFO -   ATR% too low: 0.003792 < 0.005
2025-06-05 17:18:08,593 - INFO -   ATR% too low: 0.004905 < 0.005
2025-06-05 17:18:09,306 - INFO -   ATR% too low: 0.004342 < 0.005
2025-06-05 17:19:11,565 - INFO -   ATR% too low: 0.001485 < 0.005
2025-06-05 17:19:12,231 - INFO -   ATR% too low: 0.003457 < 0.005
2025-06-05 17:19:12,895 - INFO -   ATR% too low: 0.003832 < 0.005
2025-06-05 17:19:13,572 - INFO -   ATR% too low: 0.004915 < 0.005
2025-06-05 17:19:14,242 - INFO -   ATR% too low: 0.004369 < 0.005
2025-06-05 17:20:16,459 - INFO -   ATR% too low: 0.001626 < 0.005
2025-06-05 17:20:17,114 - INFO -   ATR% too low: 0.003505 < 0.005
2025-06-05 17:20:17,788 - INFO -   ATR% too low: 0.003928 < 0.005
2025-06-05 17:20:18,463 - INFO -   Volume too low: 7691888.00 < 8986388.48
2025-06-05 17:20:19,124 - INFO -   ATR% too low: 0.004531 < 0.005
2025-06-05 17:21:21,254 - INFO -   ATR% too low: 0.001626 < 0.005
2025-06-05 17:21:21,882 - INFO -   ATR% too low: 0.003508 < 0.005
2025-06-05 17:21:22,529 - INFO -   ATR% too low: 0.003927 < 0.005
2025-06-05 17:21:23,299 - INFO -   Volume too low: 8608181.00 < 9055110.45
2025-06-05 17:21:23,931 - INFO -   ATR% too low: 0.004530 < 0.005
2025-06-05 17:22:25,792 - INFO -   ATR% too low: 0.001626 < 0.005
2025-06-05 17:22:26,398 - INFO -   ATR% too low: 0.003507 < 0.005
2025-06-05 17:22:27,009 - INFO -   ATR% too low: 0.003928 < 0.005
2025-06-05 17:22:28,224 - INFO -   ATR% too low: 0.004532 < 0.005
2025-06-05 17:23:30,011 - INFO -   ATR% too low: 0.001626 < 0.005
2025-06-05 17:23:30,610 - INFO -   ATR% too low: 0.003510 < 0.005
2025-06-05 17:23:31,220 - INFO -   ATR% too low: 0.003929 < 0.005
2025-06-05 17:23:32,419 - INFO -   ATR% too low: 0.004536 < 0.005
2025-06-05 17:24:34,223 - INFO -   ATR% too low: 0.001626 < 0.005
2025-06-05 17:24:34,800 - INFO -   ATR% too low: 0.003508 < 0.005
2025-06-05 17:24:35,380 - INFO -   ATR% too low: 0.003928 < 0.005
2025-06-05 17:24:36,535 - INFO -   ATR% too low: 0.004534 < 0.005
2025-06-05 17:25:38,287 - INFO -   ATR% too low: 0.001626 < 0.005
2025-06-05 17:25:38,863 - INFO -   ATR% too low: 0.003508 < 0.005
2025-06-05 17:25:39,429 - INFO -   ATR% too low: 0.003928 < 0.005
2025-06-05 17:25:40,575 - INFO -   ATR% too low: 0.004533 < 0.005
2025-06-05 17:26:42,239 - INFO -   ATR% too low: 0.001626 < 0.005
2025-06-05 17:26:42,813 - INFO -   ATR% too low: 0.003509 < 0.005
2025-06-05 17:26:43,383 - INFO -   ATR% too low: 0.003929 < 0.005
2025-06-05 17:26:44,518 - INFO -   ATR% too low: 0.004535 < 0.005
2025-06-05 17:27:46,376 - INFO -   ATR% too low: 0.001683 < 0.005
2025-06-05 17:27:46,934 - INFO -   ATR% too low: 0.003507 < 0.005
2025-06-05 17:27:47,490 - INFO -   ATR% too low: 0.003996 < 0.005
2025-06-05 17:27:48,611 - INFO -   ATR% too low: 0.004528 < 0.005
2025-06-05 17:28:50,423 - INFO -   ATR% too low: 0.001683 < 0.005
2025-06-05 17:28:50,998 - INFO -   ATR% too low: 0.003509 < 0.005
2025-06-05 17:28:51,547 - INFO -   ATR% too low: 0.003997 < 0.005
2025-06-05 17:28:52,685 - INFO -   ATR% too low: 0.004532 < 0.005
2025-06-05 17:29:54,466 - INFO -   ATR% too low: 0.001683 < 0.005
2025-06-05 17:29:55,027 - INFO -   ATR% too low: 0.003507 < 0.005
2025-06-05 17:29:55,569 - INFO -   ATR% too low: 0.003995 < 0.005
2025-06-05 17:29:56,668 - INFO -   ATR% too low: 0.004529 < 0.005
2025-06-05 17:30:58,789 - INFO -   ATR% too low: 0.001658 < 0.005
2025-06-05 17:30:59,359 - INFO -   ATR% too low: 0.003437 < 0.005
2025-06-05 17:30:59,931 - INFO -   ATR% too low: 0.003991 < 0.005
2025-06-05 17:31:00,494 - INFO -   ATR% too low: 0.004989 < 0.005
2025-06-05 17:31:01,058 - INFO -   ATR% too low: 0.004429 < 0.005
2025-06-05 17:32:02,908 - INFO -   ATR% too low: 0.001657 < 0.005
2025-06-05 17:32:03,472 - INFO -   ATR% too low: 0.003439 < 0.005
2025-06-05 17:32:04,037 - INFO -   ATR% too low: 0.003989 < 0.005
2025-06-05 17:32:04,597 - INFO -   ATR% too low: 0.004989 < 0.005
2025-06-05 17:32:05,166 - INFO -   ATR% too low: 0.004428 < 0.005
2025-06-05 17:33:06,860 - INFO -   ATR% too low: 0.001657 < 0.005
2025-06-05 17:33:07,420 - INFO -   ATR% too low: 0.003440 < 0.005
2025-06-05 17:33:07,984 - INFO -   ATR% too low: 0.003987 < 0.005
2025-06-05 17:33:08,549 - INFO -   ATR% too low: 0.004984 < 0.005
2025-06-05 17:33:09,114 - INFO -   ATR% too low: 0.004429 < 0.005
2025-06-05 17:34:10,970 - INFO -   ATR% too low: 0.001657 < 0.005
2025-06-05 17:34:11,537 - INFO -   ATR% too low: 0.003438 < 0.005
2025-06-05 17:34:12,085 - INFO -   ATR% too low: 0.003980 < 0.005
2025-06-05 17:34:12,671 - INFO -   ATR% too low: 0.004978 < 0.005
2025-06-05 17:34:13,226 - INFO -   ATR% too low: 0.004429 < 0.005
2025-06-05 17:35:15,111 - INFO -   ATR% too low: 0.001657 < 0.005
2025-06-05 17:35:15,670 - INFO -   ATR% too low: 0.003438 < 0.005
2025-06-05 17:35:16,219 - INFO -   ATR% too low: 0.003984 < 0.005
2025-06-05 17:35:16,764 - INFO -   ATR% too low: 0.004981 < 0.005
2025-06-05 17:35:17,308 - INFO -   ATR% too low: 0.004427 < 0.005
2025-06-05 17:36:19,136 - INFO -   ATR% too low: 0.001657 < 0.005
2025-06-05 17:36:19,680 - INFO -   ATR% too low: 0.003437 < 0.005
2025-06-05 17:36:20,223 - INFO -   ATR% too low: 0.003982 < 0.005
2025-06-05 17:36:20,770 - INFO -   ATR% too low: 0.004980 < 0.005
2025-06-05 17:36:21,328 - INFO -   ATR% too low: 0.004426 < 0.005
2025-06-05 17:37:23,290 - INFO -   ATR% too low: 0.001658 < 0.005
2025-06-05 17:37:23,873 - INFO -   ATR% too low: 0.003435 < 0.005
2025-06-05 17:37:24,653 - INFO -   ATR% too low: 0.004003 < 0.005
2025-06-05 17:37:25,221 - INFO -   Volume too low: 5600556.00 < 9499425.15
2025-06-05 17:37:25,770 - INFO -   ATR% too low: 0.004435 < 0.005
2025-06-05 17:38:27,585 - INFO -   ATR% too low: 0.001679 < 0.005
2025-06-05 17:38:28,132 - INFO -   ATR% too low: 0.003435 < 0.005
2025-06-05 17:38:28,671 - INFO -   ATR% too low: 0.004027 < 0.005
2025-06-05 17:38:29,220 - INFO -   Volume too low: 6047232.00 < 9532925.85
2025-06-05 17:38:29,765 - INFO -   ATR% too low: 0.004450 < 0.005
2025-06-05 17:39:31,575 - INFO -   ATR% too low: 0.001679 < 0.005
2025-06-05 17:39:32,114 - INFO -   ATR% too low: 0.003435 < 0.005
2025-06-05 17:39:32,650 - INFO -   ATR% too low: 0.004029 < 0.005
2025-06-05 17:39:33,187 - INFO -   Volume too low: 6300468.00 < 9551918.55
2025-06-05 17:39:33,722 - INFO -   ATR% too low: 0.004455 < 0.005
2025-06-05 17:40:35,586 - INFO -   ATR% too low: 0.001683 < 0.005
2025-06-05 17:40:36,123 - INFO -   ATR% too low: 0.003467 < 0.005
2025-06-05 17:40:36,660 - INFO -   ATR% too low: 0.004024 < 0.005
2025-06-05 17:40:37,198 - INFO -   Volume too low: 6563506.00 < 9571646.40
2025-06-05 17:40:37,730 - INFO -   ATR% too low: 0.004446 < 0.005
2025-06-05 17:41:39,531 - INFO -   ATR% too low: 0.001709 < 0.005
2025-06-05 17:41:40,070 - INFO -   ATR% too low: 0.003524 < 0.005
2025-06-05 17:41:40,602 - INFO -   ATR% too low: 0.004067 < 0.005
2025-06-05 17:41:41,134 - INFO -   Volume too low: 7235149.00 < 9622019.62
2025-06-05 17:41:41,663 - INFO -   ATR% too low: 0.004446 < 0.005
2025-06-05 17:42:43,457 - INFO -   ATR% too low: 0.001709 < 0.005
2025-06-05 17:42:43,992 - INFO -   ATR% too low: 0.003524 < 0.005
2025-06-05 17:42:44,525 - INFO -   ATR% too low: 0.004067 < 0.005
2025-06-05 17:42:45,055 - INFO -   Volume too low: 7791779.00 < 9663766.88
2025-06-05 17:42:45,585 - INFO -   ATR% too low: 0.004447 < 0.005
2025-06-05 17:43:47,612 - INFO -   ATR% too low: 0.001710 < 0.005
2025-06-05 17:43:48,151 - INFO -   ATR% too low: 0.003565 < 0.005
2025-06-05 17:43:48,687 - INFO -   ATR% too low: 0.004070 < 0.005
2025-06-05 17:43:49,215 - INFO -   Volume too low: 8167893.00 < 9691975.43
2025-06-05 17:43:49,757 - INFO -   ATR% too low: 0.004449 < 0.005
2025-06-05 17:44:51,615 - INFO -   ATR% too low: 0.001710 < 0.005
2025-06-05 17:44:52,162 - INFO -   ATR% too low: 0.003568 < 0.005
2025-06-05 17:44:52,778 - INFO -   ATR% too low: 0.004070 < 0.005
2025-06-05 17:44:53,342 - INFO -   Volume too low: 8467076.00 < 9714414.15
2025-06-05 17:44:53,919 - INFO -   ATR% too low: 0.004452 < 0.005
2025-06-05 17:45:55,503 - INFO -   ATR% too low: 0.001608 < 0.005
2025-06-05 17:45:56,030 - INFO -   ATR% too low: 0.003389 < 0.005
2025-06-05 17:45:56,566 - INFO -   ATR% too low: 0.003850 < 0.005
2025-06-05 17:45:57,120 - INFO -   ATR% too low: 0.004860 < 0.005
2025-06-05 17:45:57,663 - INFO -   ATR% too low: 0.004193 < 0.005
2025-06-05 17:46:59,237 - INFO -   ATR% too low: 0.001612 < 0.005
2025-06-05 17:46:59,771 - INFO -   ATR% too low: 0.003388 < 0.005
2025-06-05 17:47:00,308 - INFO -   ATR% too low: 0.003851 < 0.005
2025-06-05 17:47:00,843 - INFO -   ATR% too low: 0.004861 < 0.005
2025-06-05 17:47:01,377 - INFO -   ATR% too low: 0.004192 < 0.005
2025-06-05 17:48:03,172 - INFO -   ATR% too low: 0.001641 < 0.005
2025-06-05 17:48:03,704 - INFO -   ATR% too low: 0.003416 < 0.005
2025-06-05 17:48:04,238 - INFO -   ATR% too low: 0.003920 < 0.005
2025-06-05 17:48:04,773 - INFO -   ATR% too low: 0.004950 < 0.005
2025-06-05 17:48:05,310 - INFO -   ATR% too low: 0.004237 < 0.005
2025-06-05 17:49:07,155 - INFO -   ATR% too low: 0.001642 < 0.005
2025-06-05 17:49:07,692 - INFO -   ATR% too low: 0.003430 < 0.005
2025-06-05 17:49:08,221 - INFO -   ATR% too low: 0.003962 < 0.005
2025-06-05 17:49:08,754 - INFO -   Volume too low: 1076751.00 < 9535159.27
2025-06-05 17:49:09,283 - INFO -   ATR% too low: 0.004245 < 0.005
2025-06-05 17:50:11,099 - INFO -   ATR% too low: 0.001853 < 0.005
2025-06-05 17:50:11,626 - INFO -   ATR% too low: 0.003679 < 0.005
2025-06-05 17:50:12,159 - INFO -   ATR% too low: 0.004157 < 0.005
2025-06-05 17:50:12,691 - INFO -   Volume too low: 2926158.00 < 9673864.80
2025-06-05 17:50:13,219 - INFO -   ATR% too low: 0.004532 < 0.005
2025-06-05 17:51:14,781 - INFO -   ATR% too low: 0.001853 < 0.005
2025-06-05 17:51:15,312 - INFO -   ATR% too low: 0.003678 < 0.005
2025-06-05 17:51:15,850 - INFO -   ATR% too low: 0.004161 < 0.005
2025-06-05 17:51:16,383 - INFO -   Volume too low: 3644874.00 < 9727768.50
2025-06-05 17:51:16,910 - INFO -   ATR% too low: 0.004531 < 0.005
2025-06-05 17:52:18,705 - INFO -   ATR% too low: 0.001852 < 0.005
2025-06-05 17:52:19,243 - INFO -   ATR% too low: 0.003688 < 0.005
2025-06-05 17:52:19,776 - INFO -   ATR% too low: 0.004157 < 0.005
2025-06-05 17:52:20,312 - INFO -   Volume too low: 4291818.00 < 9776289.30
2025-06-05 17:52:20,884 - INFO -   ATR% too low: 0.004610 < 0.005
2025-06-05 17:53:22,580 - INFO -   ATR% too low: 0.001852 < 0.005
2025-06-05 17:53:23,136 - INFO -   ATR% too low: 0.003692 < 0.005
2025-06-05 17:53:23,697 - INFO -   ATR% too low: 0.004162 < 0.005
2025-06-05 17:53:24,252 - INFO -   Volume too low: 4859109.00 < 9818836.12
2025-06-05 17:53:24,812 - INFO -   ATR% too low: 0.004612 < 0.005
2025-06-05 17:54:26,385 - INFO -   ATR% too low: 0.001851 < 0.005
2025-06-05 17:54:26,904 - INFO -   ATR% too low: 0.003693 < 0.005
2025-06-05 17:54:27,429 - INFO -   ATR% too low: 0.004162 < 0.005
2025-06-05 17:54:27,959 - INFO -   Volume too low: 5575299.00 < 9872550.38
2025-06-05 17:54:28,496 - INFO -   ATR% too low: 0.004613 < 0.005
2025-06-05 17:55:30,263 - INFO -   ATR% too low: 0.001852 < 0.005
2025-06-05 17:55:30,791 - INFO -   ATR% too low: 0.003692 < 0.005
2025-06-05 17:55:31,311 - INFO -   ATR% too low: 0.004163 < 0.005
2025-06-05 17:55:31,834 - INFO -   Volume too low: 6016933.00 < 9905672.93
2025-06-05 17:55:32,364 - INFO -   ATR% too low: 0.004616 < 0.005
2025-06-05 17:56:34,213 - INFO -   ATR% too low: 0.001851 < 0.005
2025-06-05 17:56:34,744 - INFO -   ATR% too low: 0.003690 < 0.005
2025-06-05 17:56:35,268 - INFO -   ATR% too low: 0.004155 < 0.005
2025-06-05 17:56:35,794 - INFO -   Volume too low: 6562826.00 < 9946614.90
2025-06-05 17:56:36,318 - INFO -   ATR% too low: 0.004611 < 0.005
2025-06-05 17:57:38,092 - INFO -   ATR% too low: 0.001851 < 0.005
2025-06-05 17:57:38,621 - INFO -   ATR% too low: 0.003688 < 0.005
2025-06-05 17:57:39,141 - INFO -   ATR% too low: 0.004157 < 0.005
2025-06-05 17:57:39,666 - INFO -   Volume too low: 6997563.00 < 9979220.18
2025-06-05 17:57:40,202 - INFO -   ATR% too low: 0.004613 < 0.005
2025-06-05 17:58:41,958 - INFO -   ATR% too low: 0.001853 < 0.005
2025-06-05 17:58:42,502 - INFO -   ATR% too low: 0.003693 < 0.005
2025-06-05 17:58:43,039 - INFO -   ATR% too low: 0.004163 < 0.005
2025-06-05 17:58:43,566 - INFO -   Volume too low: 7462369.00 < 10014080.62
2025-06-05 17:58:44,121 - INFO -   ATR% too low: 0.004620 < 0.005
2025-06-05 17:59:45,884 - INFO -   ATR% too low: 0.001853 < 0.005
2025-06-05 17:59:46,408 - INFO -   ATR% too low: 0.003697 < 0.005
2025-06-05 17:59:46,927 - INFO -   ATR% too low: 0.004165 < 0.005
2025-06-05 17:59:47,446 - INFO -   Volume too low: 7775125.00 < 10037537.32
2025-06-05 17:59:47,980 - INFO -   ATR% too low: 0.004620 < 0.005
2025-06-05 18:00:49,745 - INFO -   ATR% too low: 0.001777 < 0.005
2025-06-05 18:00:50,271 - INFO -   ATR% too low: 0.003485 < 0.005
2025-06-05 18:00:50,796 - INFO -   ATR% too low: 0.003920 < 0.005
2025-06-05 18:00:51,410 - INFO -   ATR% too low: 0.004877 < 0.005
2025-06-05 18:00:51,936 - INFO -   ATR% too low: 0.004347 < 0.005
2025-06-05 18:01:53,730 - INFO -   ATR% too low: 0.001777 < 0.005
2025-06-05 18:01:54,254 - INFO -   ATR% too low: 0.003495 < 0.005
2025-06-05 18:01:54,827 - INFO -   ATR% too low: 0.003950 < 0.005
2025-06-05 18:01:55,356 - INFO -   ATR% too low: 0.004968 < 0.005
2025-06-05 18:01:55,887 - INFO -   ATR% too low: 0.004351 < 0.005
2025-06-05 18:02:57,653 - INFO -   ATR% too low: 0.001834 < 0.005
2025-06-05 18:02:58,187 - INFO -   ATR% too low: 0.003494 < 0.005
2025-06-05 18:02:58,714 - INFO -   ATR% too low: 0.003949 < 0.005
2025-06-05 18:02:59,236 - INFO -   ATR% too low: 0.004968 < 0.005
2025-06-05 18:02:59,766 - INFO -   ATR% too low: 0.004411 < 0.005
2025-06-05 18:04:01,517 - INFO -   ATR% too low: 0.001834 < 0.005
2025-06-05 18:04:02,108 - INFO -   ATR% too low: 0.003494 < 0.005
2025-06-05 18:04:02,628 - INFO -   ATR% too low: 0.003949 < 0.005
2025-06-05 18:04:03,156 - INFO -   Volume too low: 2476693.00 < 9391251.00
2025-06-05 18:04:03,682 - INFO -   ATR% too low: 0.004411 < 0.005
2025-06-05 18:05:05,433 - INFO -   ATR% too low: 0.001834 < 0.005
2025-06-05 18:05:05,966 - INFO -   ATR% too low: 0.003557 < 0.005
2025-06-05 18:05:06,490 - INFO -   ATR% too low: 0.004031 < 0.005
2025-06-05 18:05:07,016 - INFO -   Volume too low: 2727389.00 < 9410053.20
2025-06-05 18:05:07,543 - INFO -   ATR% too low: 0.004441 < 0.005
2025-06-05 18:06:09,393 - INFO -   ATR% too low: 0.001833 < 0.005
2025-06-05 18:06:09,929 - INFO -   ATR% too low: 0.003559 < 0.005
2025-06-05 18:06:10,443 - INFO -   ATR% too low: 0.004040 < 0.005
2025-06-05 18:06:10,998 - INFO -   Volume too low: 3126780.00 < 9440007.52
2025-06-05 18:06:11,521 - INFO -   ATR% too low: 0.004457 < 0.005
2025-06-05 18:07:13,249 - INFO -   ATR% too low: 0.001866 < 0.005
2025-06-05 18:07:13,769 - INFO -   ATR% too low: 0.003557 < 0.005
2025-06-05 18:07:14,287 - INFO -   ATR% too low: 0.004052 < 0.005
2025-06-05 18:07:14,812 - INFO -   Volume too low: 3694330.00 < 9482573.77
2025-06-05 18:07:15,330 - INFO -   ATR% too low: 0.004457 < 0.005
2025-06-05 18:08:16,875 - INFO -   ATR% too low: 0.001883 < 0.005
2025-06-05 18:08:17,413 - INFO -   ATR% too low: 0.003559 < 0.005
2025-06-05 18:08:17,930 - INFO -   ATR% too low: 0.004057 < 0.005
2025-06-05 18:08:18,448 - INFO -   Volume too low: 3993756.00 < 9505030.73
2025-06-05 18:08:18,980 - INFO -   ATR% too low: 0.004498 < 0.005
2025-06-05 18:09:20,841 - INFO -   ATR% too low: 0.001885 < 0.005
2025-06-05 18:09:21,385 - INFO -   ATR% too low: 0.003559 < 0.005
2025-06-05 18:09:21,973 - INFO -   ATR% too low: 0.004096 < 0.005
2025-06-05 18:09:22,497 - INFO -   Volume too low: 4310394.00 < 9528778.57
2025-06-05 18:09:23,030 - INFO -   ATR% too low: 0.004546 < 0.005
2025-06-05 18:10:24,958 - INFO -   ATR% too low: 0.001905 < 0.005
2025-06-05 18:10:25,497 - INFO -   ATR% too low: 0.003583 < 0.005
2025-06-05 18:10:26,047 - INFO -   ATR% too low: 0.004115 < 0.005
2025-06-05 18:10:26,598 - INFO -   Volume too low: 4594172.00 < 9550061.93
2025-06-05 18:10:27,150 - INFO -   ATR% too low: 0.004553 < 0.005
2025-06-05 18:11:28,762 - INFO -   ATR% too low: 0.001906 < 0.005
2025-06-05 18:11:29,315 - INFO -   ATR% too low: 0.003703 < 0.005
2025-06-05 18:11:29,854 - INFO -   ATR% too low: 0.004117 < 0.005
2025-06-05 18:11:30,401 - INFO -   Volume too low: 4820444.00 < 9567032.32
2025-06-05 18:11:30,946 - INFO -   ATR% too low: 0.004557 < 0.005
2025-06-05 18:12:32,555 - INFO -   ATR% too low: 0.001904 < 0.005
2025-06-05 18:12:33,093 - INFO -   ATR% too low: 0.003699 < 0.005
2025-06-05 18:12:33,631 - INFO -   ATR% too low: 0.004114 < 0.005
2025-06-05 18:12:34,164 - INFO -   Volume too low: 5057309.00 < 9584797.20
2025-06-05 18:12:34,701 - INFO -   ATR% too low: 0.004551 < 0.005
2025-06-05 18:13:36,300 - INFO -   ATR% too low: 0.001905 < 0.005
2025-06-05 18:13:36,842 - INFO -   ATR% too low: 0.003701 < 0.005
2025-06-05 18:13:37,402 - INFO -   ATR% too low: 0.004114 < 0.005
2025-06-05 18:13:37,934 - INFO -   Volume too low: 5391608.00 < 9609869.62
2025-06-05 18:13:38,484 - INFO -   ATR% too low: 0.004552 < 0.005
2025-06-05 18:14:40,282 - INFO -   ATR% too low: 0.001906 < 0.005
2025-06-05 18:14:40,817 - INFO -   ATR% too low: 0.003840 < 0.005
2025-06-05 18:14:41,368 - INFO -   ATR% too low: 0.004119 < 0.005
2025-06-05 18:14:41,899 - INFO -   Volume too low: 5764050.00 < 9637802.77
2025-06-05 18:14:42,481 - INFO -   ATR% too low: 0.004557 < 0.005
2025-06-05 18:15:44,272 - INFO -   ATR% too low: 0.001815 < 0.005
2025-06-05 18:15:44,809 - INFO -   ATR% too low: 0.003667 < 0.005
2025-06-05 18:15:45,650 - INFO -   ATR% too low: 0.003929 < 0.005
2025-06-05 18:15:46,186 - INFO -   ATR% too low: 0.004823 < 0.005
2025-06-05 18:15:46,728 - INFO -   ATR% too low: 0.004348 < 0.005
2025-06-05 18:16:48,494 - INFO -   ATR% too low: 0.001852 < 0.005
2025-06-05 18:16:49,031 - INFO -   ATR% too low: 0.003719 < 0.005
2025-06-05 18:16:49,567 - INFO -   ATR% too low: 0.003943 < 0.005
2025-06-05 18:16:50,104 - INFO -   ATR% too low: 0.004854 < 0.005
2025-06-05 18:16:50,654 - INFO -   ATR% too low: 0.004375 < 0.005
2025-06-05 18:17:52,515 - INFO -   ATR% too low: 0.001852 < 0.005
2025-06-05 18:17:53,062 - INFO -   ATR% too low: 0.003725 < 0.005
2025-06-05 18:17:53,604 - INFO -   ATR% too low: 0.003939 < 0.005
2025-06-05 18:17:54,240 - INFO -   ATR% too low: 0.004851 < 0.005
2025-06-05 18:17:54,796 - INFO -   ATR% too low: 0.004375 < 0.005
2025-06-05 18:18:56,592 - INFO -   ATR% too low: 0.001879 < 0.005
2025-06-05 18:18:57,174 - INFO -   ATR% too low: 0.003836 < 0.005
2025-06-05 18:18:57,740 - INFO -   ATR% too low: 0.003983 < 0.005
2025-06-05 18:18:58,295 - INFO -   ATR% too low: 0.004870 < 0.005
2025-06-05 18:18:58,846 - INFO -   ATR% too low: 0.004386 < 0.005
2025-06-05 18:20:00,749 - INFO -   ATR% too low: 0.001880 < 0.005
2025-06-05 18:20:01,325 - INFO -   ATR% too low: 0.003839 < 0.005
2025-06-05 18:20:01,901 - INFO -   ATR% too low: 0.003989 < 0.005
2025-06-05 18:20:02,488 - INFO -   ATR% too low: 0.004875 < 0.005
2025-06-05 18:20:03,115 - INFO -   ATR% too low: 0.004388 < 0.005
2025-06-05 18:21:04,941 - INFO -   ATR% too low: 0.001879 < 0.005
2025-06-05 18:21:05,713 - INFO -   ATR% too low: 0.003839 < 0.005
2025-06-05 18:21:06,258 - INFO -   ATR% too low: 0.003987 < 0.005
2025-06-05 18:21:06,807 - INFO -   ATR% too low: 0.004871 < 0.005
2025-06-05 18:21:07,583 - INFO -   ATR% too low: 0.004385 < 0.005
2025-06-05 18:22:09,412 - INFO -   ATR% too low: 0.001880 < 0.005
2025-06-05 18:22:09,968 - INFO -   ATR% too low: 0.003842 < 0.005
2025-06-05 18:22:10,522 - INFO -   ATR% too low: 0.003988 < 0.005
2025-06-05 18:22:11,099 - INFO -   ATR% too low: 0.004888 < 0.005
2025-06-05 18:22:11,655 - INFO -   ATR% too low: 0.004390 < 0.005
2025-06-05 18:23:13,506 - INFO -   ATR% too low: 0.001911 < 0.005
2025-06-05 18:23:14,055 - INFO -   ATR% too low: 0.003847 < 0.005
2025-06-05 18:23:14,820 - INFO -   ATR% too low: 0.004039 < 0.005
2025-06-05 18:23:15,358 - INFO -   ATR% too low: 0.004922 < 0.005
2025-06-05 18:23:15,900 - INFO -   ATR% too low: 0.004438 < 0.005
2025-06-05 18:24:18,198 - INFO -   ATR% too low: 0.001917 < 0.005
2025-06-05 18:24:18,642 - INFO -   ATR% too low: 0.003850 < 0.005
2025-06-05 18:24:19,081 - INFO -   ATR% too low: 0.004111 < 0.005
2025-06-05 18:24:19,508 - INFO -   ATR% too low: 0.004931 < 0.005
2025-06-05 18:24:19,952 - INFO -   ATR% too low: 0.004445 < 0.005
2025-06-05 18:25:21,637 - INFO -   ATR% too low: 0.001917 < 0.005
2025-06-05 18:25:22,107 - INFO -   ATR% too low: 0.003846 < 0.005
2025-06-05 18:25:22,602 - INFO -   ATR% too low: 0.004110 < 0.005
2025-06-05 18:25:23,051 - INFO -   ATR% too low: 0.004930 < 0.005
2025-06-05 18:25:23,662 - INFO -   ATR% too low: 0.004447 < 0.005
2025-06-05 18:26:25,016 - INFO -   ATR% too low: 0.001917 < 0.005
2025-06-05 18:26:25,586 - INFO -   ATR% too low: 0.003844 < 0.005
2025-06-05 18:26:26,151 - INFO -   ATR% too low: 0.004107 < 0.005
2025-06-05 18:26:26,722 - INFO -   ATR% too low: 0.004932 < 0.005
2025-06-05 18:26:27,277 - INFO -   ATR% too low: 0.004446 < 0.005
